Shipment_ID,Order_Date,Ship_Date,Planned_Delivery_Date,Actual_Delivery_Date,Warehouse,Destination_City,Carrier,Vehicle_Type,Distance_KM,Weight_KG,Shipping_Cost,Date_Error,Numeric_Error,Vehicle_Capacity_KG,Capacity_Error,Distance_Outlier,Data_Quality_Issue,Delivery_Status
SHP-01117,2026-06-30,2026-07-01,2026-07-04,2026-07-04,Qazvin DC,Arak,Rahbar Logistics,Pickup,319.3,169.4,3656000.0,False,False,1500,False,False,False,On Time
SHP-01369,2026-06-24,2026-06-25,2026-06-27,2026-06-27,Qazvin DC,Hamedan,Shahin Cargo,Light Truck,281.6,3274.1,4799000.0,False,False,5000,False,False,False,On Time
SHP-00423,2026-05-19,2026-05-20,2026-05-24,2026-05-25,Tehran Central,Zanjan,Pars Freight,Light Truck,329.3,757.5,5485000.0,False,False,5000,False,False,False,Late
SHP-00414,2026-01-24,2026-01-26,2026-01-30,2026-01-31,Karaj Hub,Mashhad,Rahbar Logistics,Light Truck,918.5,952.2,12727000.0,False,False,5000,False,False,False,Late
SHP-00452,2026-06-17,2026-06-19,2026-06-23,2026-06-23,Karaj Hub,Urmia,Navid Express,Heavy Truck,731.9,3685.3,13013000.0,False,False,16000,False,False,False,On Time
SHP-00862,2026-06-17,2026-06-18,2026-06-21,2026-06-21,Tehran Central,Rasht,Unknown,Heavy Truck,328.3,10157.7,9514000.0,False,False,16000,False,False,False,On Time
SHP-01064,2026-05-08,2026-05-09,2026-05-11,2026-05-13,Karaj Hub,Qazvin,Rahbar Logistics,Pickup,128.1,942.5,2198000.0,False,False,1500,False,False,False,Late
SHP-00742,2026-05-19,2026-05-20,2026-05-22,2026-05-22,Karaj Hub,Arak,Aras Transport,Van,274.6,192.3,2690000.0,False,False,1000,False,False,False,On Time
SHP-01273,2026-06-18,2026-06-20,2026-06-23,2026-06-23,Tehran Central,Zanjan,Pars Freight,Van,341.7,140.6,2662000.0,False,False,1000,False,False,False,On Time
SHP-00260,2026-04-17,2026-04-18,2026-04-20,2026-04-20,Qazvin DC,Rasht,Shahin Cargo,Pickup,186.8,711.4,2404000.0,False,False,1500,False,False,False,On Time
SHP-00889,2026-01-03,2026-01-04,2026-01-06,2026-01-06,Tehran Central,Qazvin,Shahin Cargo,Pickup,151.8,180.3,1937000.0,False,False,1500,False,False,False,On Time
SHP-01433,2026-01-31,2026-02-01,2026-02-03,2026-02-03,Karaj Hub,Qom,Pars Freight,Pickup,201.0,989.1,2685000.0,False,False,1500,False,False,False,On Time
SHP-00713,2026-05-12,2026-05-13,2026-05-15,2026-05-16,Karaj Hub,Arak,Rahbar Logistics,Light Truck,282.7,3200.1,6295000.0,False,False,5000,False,False,False,Late
SHP-01383,2026-03-04,2026-03-05,2026-03-08,2026-03-11,Tehran Central,Zanjan,Pars Freight,Van,352.4,512.6,3607000.0,False,False,1000,False,False,False,Late
SHP-00071,2026-05-25,2026-05-26,2026-05-29,2026-05-29,Tehran Central,Rasht,Rahbar Logistics,Light Truck,331.8,42000.0,5976000.0,False,False,5000,True,False,True,On Time
SHP-01269,2026-06-22,2026-06-23,2026-06-26,2026-06-25,Tabriz DC,Arak,Pars Freight,Light Truck,579.9,4271.4,9809000.0,False,False,5000,False,False,False,On Time
SHP-00605,2026-05-30,2026-06-01,2026-06-04,2026-06-05,Tehran Central,Arak,Rahbar Logistics,Pickup,315.7,1151.3,4680000.0,False,False,1500,False,False,False,Late
SHP-00608,2026-04-04,2026-04-05,2026-04-07,2026-04-07,Karaj Hub,Qom,Shahin Cargo,Light Truck,193.3,1050.1,3779000.0,False,False,5000,False,False,False,On Time
SHP-00434,2026-01-24,2026-01-24,2026-01-27,2026-01-27,Tabriz DC,Qazvin,Aras Transport,Light Truck,487.5,4467.6,8045000.0,False,False,5000,False,False,False,On Time
SHP-00052,2026-02-05,2026-02-06,2026-02-09,2026-02-08,Tabriz DC,Zanjan,Shahin Cargo,Light Truck,297.3,1200.2,4933000.0,False,False,5000,False,False,False,On Time
SHP-01200,2026-04-23,2026-04-25,2026-04-28,2026-04-27,Tabriz DC,Karaj,Navid Express,Light Truck,576.1,2213.2,8080000.0,False,False,5000,False,False,False,On Time
SHP-01129,2026-04-11,2026-04-11,2026-04-15,2026-04-15,Karaj Hub,Urmia,Shahin Cargo,Pickup,760.0,1036.9,6810000.0,False,False,1500,False,False,False,On Time
SHP-01191,2026-03-17,2026-03-18,2026-03-21,2026-03-21,Tehran Central,Zanjan,Navid Express,Light Truck,344.4,2591.2,6387000.0,False,False,5000,False,False,False,On Time
SHP-01250,2026-06-27,2026-06-28,2026-07-01,2026-07-02,Karaj Hub,Hamedan,Pars Freight,Light Truck,309.1,4381.7,6517000.0,False,False,5000,False,False,False,Late
SHP-01420,2026-03-28,2026-03-29,2026-03-31,2026-04-01,Karaj Hub,Rasht,Navid Express,Heavy Truck,287.6,6143.4,7208000.0,False,False,16000,False,False,False,Late
SHP-00433,2026-05-30,2026-06-01,2026-06-02,2026-06-03,Karaj Hub,Karaj,Shahin Cargo,Pickup,17.3,1337.2,1322000.0,False,False,1500,False,False,False,Late
SHP-01453,2026-01-10,2026-01-11,2026-01-13,2026-01-13,Karaj Hub,Qom,Pars Freight,Light Truck,179.5,1480.0,3179000.0,False,False,5000,False,False,False,On Time
SHP-00295,2026-04-09,2026-04-10,2026-04-13,2026-04-13,Karaj Hub,Hamedan,Aras Transport,Van,308.7,266.8,2989000.0,False,False,1000,False,False,False,On Time
SHP-01235,2026-04-26,2026-04-27,2026-04-30,2026-04-30,Karaj Hub,Arak,Navid Express,Light Truck,301.6,1029.2,4609000.0,False,False,5000,False,False,False,On Time
SHP-01282,2026-05-14,2026-05-15,2026-05-17,2026-05-17,Tehran Central,Arak,Aras Transport,Van,287.1,394.2,2806000.0,False,False,1000,False,False,False,On Time
SHP-01086,2026-06-01,2026-06-02,2026-06-03,2026-06-04,Qazvin DC,Qazvin,Shahin Cargo,Pickup,16.3,406.1,694000.0,False,False,1500,False,False,False,Late
SHP-00611,2026-05-31,2026-06-01,2026-06-05,2026-06-05,Karaj Hub,Isfahan,Shahin Cargo,Heavy Truck,475.6,9834.9,11666000.0,False,False,16000,False,False,False,On Time
SHP-01285,2026-03-11,2026-03-13,2026-03-15,2026-03-15,Tehran Central,Arak,Aras Transport,Light Truck,290.4,2434.4,4934000.0,False,False,5000,False,False,False,On Time
SHP-01042,2026-06-05,2026-06-06,2026-06-09,2026-06-09,Tabriz DC,Hamedan,Pars Freight,Light Truck,531.9,4160.5,9898000.0,False,False,5000,False,False,False,On Time
SHP-00221,2026-01-24,2026-01-25,2026-01-27,2026-01-28,Qazvin DC,Karaj,Shahin Cargo,Pickup,125.2,994.5,2309000.0,False,False,1500,False,False,False,Late
SHP-00340,2026-06-22,2026-06-23,2026-06-25,2026-06-25,Qazvin DC,Zanjan,Aras Transport,Van,169.1,578.7,2245000.0,False,False,1000,False,False,False,On Time
SHP-00424,2026-04-16,2026-04-16,2026-04-18,2026-04-18,Karaj Hub,Qazvin,Pars Freight,Light Truck,121.5,3527.4,3750000.0,False,False,5000,False,False,False,On Time
SHP-00429,2026-01-05,2026-01-06,2026-01-09,2026-01-09,Tehran Central,Isfahan,Aras Transport,Van,455.7,781.9,4408000.0,False,False,1000,False,False,False,On Time
SHP-01106,2026-02-02,2026-02-03,2026-02-06,2026-02-06,Tehran Central,Hamedan,Rahbar Logistics,Heavy Truck,315.0,8580.9,9136000.0,False,False,16000,False,False,False,On Time
SHP-00077,2026-03-01,2026-03-02,2026-03-04,2026-03-04,Tehran Central,Qom,Shahin Cargo,Light Truck,156.8,2261.2,3263000.0,False,False,5000,False,False,False,On Time
SHP-01392,2026-04-06,2026-04-08,2026-04-11,2026-04-14,Tehran Central,Zanjan,Shahin Cargo,Light Truck,333.5,2104.3,5467000.0,False,False,5000,False,False,False,Late
SHP-00440,2026-03-13,2026-03-14,2026-03-17,2026-03-17,Karaj Hub,Isfahan,Shahin Cargo,Light Truck,470.3,2742.1,7142000.0,False,False,5000,False,False,False,On Time
SHP-01337,2026-04-26,2026-04-27,2026-04-29,2026-05-01,Karaj Hub,Rasht,Rahbar Logistics,Pickup,299.4,774.6,3954000.0,False,False,1500,False,False,False,Late
SHP-00865,2026-06-03,2026-06-03,2026-06-05,2026-06-05,Tehran Central,Arak,Aras Transport,Pickup,278.2,1224.4,4036000.0,False,False,1500,False,False,False,On Time
SHP-01081,2026-06-16,2026-06-17,2026-06-19,2026-06-19,Karaj Hub,Rasht,Rahbar Logistics,Pickup,292.1,1142.7,4031000.0,False,False,1500,False,False,False,On Time
SHP-00355,2026-06-25,2026-06-26,2026-06-28,2026-06-30,Karaj Hub,Rasht,Pars Freight,Light Truck,293.1,2287.8,4824000.0,False,False,5000,False,False,False,Late
SHP-00366,2026-04-04,2026-04-04,2026-04-05,2026-04-05,Tehran Central,Tehran,Aras Transport,Van,26.6,169.5,569000.0,False,False,1000,False,False,False,On Time
SHP-00310,2026-01-20,2026-01-21,2026-01-22,2026-01-22,Tehran Central,Karaj,Pars Freight,Van,54.4,168.2,943000.0,False,False,1000,False,False,False,On Time
SHP-00737,2026-05-13,2026-05-14,2026-05-17,2026-05-17,Tehran Central,Rasht,Rahbar Logistics,Heavy Truck,306.7,12621.1,10251000.0,False,False,16000,False,False,False,On Time
SHP-00999,2026-06-24,2026-06-25,2026-06-27,2026-06-28,Tehran Central,Qom,Pars Freight,Pickup,144.8,1193.5,2451000.0,False,False,1500,False,False,False,Late
SHP-00622,2026-03-28,2026-03-29,2026-04-02,2026-04-03,Karaj Hub,Isfahan,Navid Express,Heavy Truck,470.2,5323.1,10422000.0,False,False,16000,False,False,False,Late
SHP-00544,2026-02-01,2026-02-02,2026-02-04,2026-02-05,Qazvin DC,Karaj,Pars Freight,Heavy Truck,122.5,13060.6,7055000.0,False,False,16000,False,False,False,Late
SHP-01141,2026-06-09,2026-06-11,2026-06-16,2026-06-16,Tabriz DC,Arak,Rahbar Logistics,Pickup,638.3,574.4,7590000.0,False,False,1500,False,False,False,On Time
SHP-01297,2026-02-17,2026-02-17,2026-02-19,2026-02-19,Karaj Hub,Zanjan,Rahbar Logistics,Heavy Truck,295.2,8981.9,8101000.0,False,False,16000,False,False,False,On Time
SHP-00555,2026-06-28,2026-06-29,2026-07-03,2026-07-03,Karaj Hub,Mashhad,Aras Transport,Pickup,929.8,806.5,9579000.0,False,False,1500,False,False,False,On Time
SHP-00680,2026-06-19,2026-06-20,2026-06-22,2026-06-22,Tehran Central,Qom,Shahin Cargo,Pickup,159.3,253.6,2138000.0,False,False,1500,False,False,False,On Time
SHP-00050,2026-05-21,2026-05-21,2026-05-24,2026-05-26,Qazvin DC,Arak,Pars Freight,Heavy Truck,328.9,6284.9,9044000.0,False,False,16000,False,False,False,Late
SHP-00491,2026-06-18,2026-06-20,2026-06-22,2026-06-22,Qazvin DC,Zanjan,Pars Freight,Light Truck,174.4,2814.2,4454000.0,False,False,5000,False,False,False,On Time
SHP-00317,2026-05-13,2026-05-14,2026-05-15,2026-05-15,Tehran Central,Karaj,Aras Transport,Heavy Truck,53.9,8640.4,4009000.0,False,False,16000,False,False,False,On Time
SHP-00905,2026-03-25,2026-03-26,2026-03-28,2026-03-30,Tabriz DC,Zanjan,Shahin Cargo,Pickup,299.1,551.2,3681000.0,False,False,1500,False,False,False,Late
SHP-00637,2026-02-12,2026-02-13,2026-02-18,2026-02-18,Qazvin DC,Urmia,Shahin Cargo,Pickup,603.4,1085.7,6408000.0,False,False,1500,False,False,False,On Time
SHP-00561,2026-04-08,2026-04-09,2026-04-12,2026-04-14,Tehran Central,Isfahan,Rahbar Logistics,Light Truck,428.6,3307.7,7005000.0,False,False,5000,False,False,False,Late
SHP-00487,2026-03-02,2026-03-03,2026-03-06,2026-03-06,Tehran Central,Isfahan,Aras Transport,Pickup,450.8,970.9,5330000.0,False,False,1500,False,False,False,On Time
SHP-00068,2026-03-09,2026-03-10,2026-03-12,2026-03-12,Qazvin DC,Zanjan,Aras Transport,Pickup,177.4,479.9,2236000.0,False,False,1500,False,False,False,On Time
SHP-00812,2026-06-09,2026-06-09,2026-06-12,2026-06-12,Tehran Central,Isfahan,Pars Freight,Light Truck,430.8,2083.5,7272000.0,False,False,5000,False,False,False,On Time
SHP-00494,2026-04-20,2026-04-21,2026-04-23,2026-04-25,Qazvin DC,Hamedan,Rahbar Logistics,Heavy Truck,284.5,2552.8,7472000.0,False,False,16000,False,False,False,Late
SHP-00311,2026-05-01,2026-05-02,2026-05-04,2026-05-06,Tehran Central,Qom,Shahin Cargo,Light Truck,150.9,1420.6,2856000.0,False,False,5000,False,False,False,Late
SHP-01097,2026-06-01,2026-06-02,2026-06-05,2026-06-06,Qazvin DC,Karaj,Rahbar Logistics,Van,127.8,333.1,1586000.0,False,False,1000,False,False,False,Late
SHP-01248,2026-03-26,2026-03-27,2026-03-31,2026-03-31,Qazvin DC,Urmia,Aras Transport,Heavy Truck,612.7,10755.2,15363000.0,False,False,16000,False,False,False,On Time
SHP-00185,2026-03-31,2026-04-01,2026-04-04,2026-04-05,Karaj Hub,Arak,Aras Transport,Pickup,302.2,647.8,3964000.0,False,False,1500,False,False,False,Late
SHP-00307,2026-02-24,2026-02-25,2026-03-01,2026-03-01,Tabriz DC,Isfahan,Rahbar Logistics,Pickup,793.2,,8855000.0,False,True,1500,False,False,True,On Time
SHP-00853,2026-06-24,2026-06-26,2026-06-28,2026-06-28,Karaj Hub,Arak,Aras Transport,Van,286.0,133.1,2969000.0,False,False,1000,False,False,False,On Time
SHP-00793,2026-05-11,2026-05-12,2026-05-15,2026-05-15,Karaj Hub,Isfahan,Pars Freight,Van,514.2,673.8,5169000.0,False,False,1000,False,False,False,On Time
SHP-00290,2026-03-27,2026-03-28,2026-04-02,2026-04-05,Tabriz DC,Tehran,Pars Freight,Light Truck,625.1,3001.0,8598000.0,False,False,5000,False,False,False,Late
SHP-00707,2026-01-02,2026-01-02,2026-01-06,2026-01-06,Tehran Central,Tabriz,Rahbar Logistics,Light Truck,604.4,1084.4,7956000.0,False,False,5000,False,False,False,On Time
SHP-01330,2026-03-03,2026-03-04,2026-03-05,2026-03-06,Karaj Hub,Tehran,Navid Express,Pickup,56.0,1065.5,1418000.0,False,False,1500,False,False,False,Late
SHP-00655,2026-04-11,2026-04-12,2026-04-15,2026-04-15,Tehran Central,Qom,Aras Transport,Heavy Truck,155.0,10389.3,6722000.0,False,False,16000,False,False,False,On Time
SHP-00523,2026-02-04,2026-02-04,2026-02-08,2026-02-09,Tabriz DC,Isfahan,Aras Transport,Heavy Truck,936.8,13606.3,20939000.0,False,False,16000,False,False,False,Late
SHP-00462,2026-01-26,2026-01-28,2026-02-01,2026-02-01,Tehran Central,Mashhad,Shahin Cargo,Pickup,878.3,953.0,9083000.0,False,False,1500,False,False,False,On Time
SHP-00931,2026-04-08,2026-04-08,2026-04-11,2026-04-11,Qazvin DC,Tabriz,Rahbar Logistics,Pickup,441.6,1016.7,5731000.0,False,False,1500,False,False,False,On Time
SHP-01035,2026-01-13,2026-01-14,2026-01-17,2026-01-16,Qazvin DC,Tabriz,Aras Transport,Heavy Truck,443.6,10580.6,14125000.0,False,False,16000,False,False,False,On Time
SHP-00030,2026-03-22,2026-03-22,2026-03-25,2026-03-25,Qazvin DC,Tabriz,Aras Transport,Pickup,487.4,1013.0,5102000.0,False,False,1500,False,False,False,On Time
SHP-00241,2026-01-26,2026-01-26,2026-01-28,2026-01-28,Karaj Hub,Zanjan,Shahin Cargo,Heavy Truck,288.1,9083.0,7847000.0,False,False,16000,False,False,False,On Time
SHP-00799,2026-02-27,2026-02-27,2026-03-02,2026-03-01,Tabriz DC,Rasht,Navid Express,Van,491.9,431.5,4762000.0,False,False,1000,False,False,False,On Time
SHP-00818,2026-01-20,2026-01-20,2026-01-25,2026-01-26,Tehran Central,Urmia,Rahbar Logistics,Van,746.0,687.4,7724000.0,False,False,1000,False,False,False,Late
SHP-00066,2026-02-28,2026-03-01,2026-03-02,2026-03-03,Tabriz DC,Tabriz,Navid Express,Light Truck,25.2,2122.4,1780000.0,False,False,5000,False,False,False,Late
SHP-00602,2026-05-21,2026-05-22,2026-05-23,2026-05-24,Tehran Central,Tehran,Pars Freight,Light Truck,30.3,1891.5,2133000.0,False,False,5000,False,False,False,Late
SHP-00925,2026-02-14,2026-02-16,2026-02-18,2026-02-19,Tehran Central,Arak,Shahin Cargo,Pickup,277.0,1052.0,3624000.0,False,False,1500,False,False,False,Late
SHP-00755,2026-04-11,2026-04-12,2026-04-14,2026-04-13,Karaj Hub,Zanjan,Navid Express,Light Truck,295.2,3261.4,5436000.0,False,False,5000,False,False,False,On Time
SHP-00927,2026-04-08,2026-04-09,2026-04-12,2026-04-12,Tabriz DC,Hamedan,Pars Freight,Light Truck,559.5,3610.7,10076000.0,False,False,5000,False,False,False,On Time
SHP-01102,2026-03-26,2026-03-28,2026-04-02,2026-04-02,Tehran Central,Urmia,Navid Express,Light Truck,783.3,2695.5,11065000.0,False,False,5000,False,False,False,On Time
SHP-00248,2026-03-17,2026-03-17,2026-03-21,2026-03-23,Tabriz DC,Qom,Shahin Cargo,Van,646.4,572.0,5783000.0,False,False,1000,False,False,False,Late
SHP-00278,2026-05-22,2026-05-22,2026-05-25,2026-05-25,Karaj Hub,Tabriz,Aras Transport,Light Truck,590.2,4333.9,10555000.0,False,False,5000,False,False,False,On Time
SHP-01403,2026-02-24,2026-02-24,2026-02-25,2026-02-25,Tabriz DC,Tabriz,Pars Freight,Light Truck,15.7,3660.8,2475000.0,False,False,5000,False,False,False,On Time
SHP-01067,2026-06-17,2026-06-18,2026-06-19,2026-06-21,Tabriz DC,Tabriz,Pars Freight,Pickup,27.1,558.5,1052000.0,False,False,1500,False,False,False,Late
SHP-00480,2026-01-20,2026-01-21,2026-01-24,2026-01-24,Tehran Central,Rasht,Shahin Cargo,Heavy Truck,300.1,3243.1,7680000.0,False,False,16000,False,False,False,On Time
SHP-00427,2026-06-06,2026-06-07,2026-06-10,2026-06-10,Tabriz DC,Karaj,Navid Express,Van,578.3,572.7,5936000.0,False,False,1000,False,False,False,On Time
SHP-00124,2026-03-27,2026-03-27,2026-03-31,,Tehran Central,Urmia,Shahin Cargo,Light Truck,770.3,2060.7,12273000.0,False,False,5000,False,False,False,Missing Delivery Record
SHP-01170,2026-06-16,2026-06-17,2026-06-19,2026-06-19,Karaj Hub,Zanjan,Pars Freight,Light Truck,294.5,3669.3,5998000.0,False,False,5000,False,False,False,On Time
SHP-00395,2026-05-11,2026-05-11,2026-05-13,2026-05-15,Karaj Hub,Hamedan,Rahbar Logistics,Heavy Truck,261.2,2862.0,5865000.0,False,False,16000,False,False,False,Late
SHP-00986,2026-04-29,2026-04-30,2026-05-01,2026-04-30,Tehran Central,Tehran,Pars Freight,Light Truck,16.3,3343.1,19856000.0,False,False,5000,False,False,False,On Time
SHP-00716,2026-05-25,2026-05-26,2026-05-29,2026-05-30,Tabriz DC,Hamedan,Aras Transport,Van,521.2,592.8,5269000.0,False,False,1000,False,False,False,Late
SHP-01135,2026-04-22,2026-04-23,2026-04-24,2026-04-24,Qazvin DC,Qazvin,Aras Transport,Light Truck,12.9,4444.2,2598000.0,False,False,5000,False,False,False,On Time
SHP-01085,2026-02-06,2026-02-06,2026-02-10,2026-02-09,Karaj Hub,Urmia,Navid Express,Heavy Truck,740.7,8741.9,17278000.0,False,False,16000,False,False,False,On Time
SHP-00498,2026-03-09,2026-03-11,2026-03-15,2026-03-15,Tehran Central,Urmia,Rahbar Logistics,Van,841.4,553.2,8076000.0,False,False,1000,False,False,False,On Time
SHP-00045,2026-01-13,2026-01-14,2026-01-17,2026-01-17,Qazvin DC,Arak,Aras Transport,Light Truck,304.2,3507.9,6163000.0,False,False,5000,False,False,False,On Time
SHP-00060,2026-05-04,2026-05-05,2026-05-08,2026-05-08,Tehran Central,Hamedan,Aras Transport,Pickup,337.0,1166.9,3932000.0,False,False,1500,False,False,False,On Time
SHP-01162,2026-04-01,2026-04-02,2026-04-06,2026-04-06,Tabriz DC,Hamedan,Navid Express,Van,605.7,341.5,5955000.0,False,False,1000,False,False,False,On Time
SHP-00024,2026-06-17,2026-06-18,2026-06-20,2026-06-20,Tehran Central,Karaj,Pars Freight,Pickup,61.3,1243.4,1348000.0,False,False,1500,False,False,False,On Time
SHP-00875,2026-05-07,2026-05-08,2026-05-12,2026-05-12,Karaj Hub,Mashhad,Pars Freight,Pickup,803.8,752.5,6850000.0,False,False,1500,False,False,False,On Time
SHP-00482,2026-05-31,2026-06-01,2026-06-03,2026-06-03,Tehran Central,Qom,Rahbar Logistics,Pickup,149.5,901.5,2405000.0,False,False,1500,False,False,False,On Time
SHP-01325,2026-06-06,2026-06-07,2026-06-09,2026-06-08,Tehran Central,Arak,Navid Express,Van,293.8,807.7,4047000.0,False,False,1000,False,False,False,On Time
SHP-00746,2026-03-07,2026-03-09,2026-03-12,2026-03-12,Karaj Hub,Isfahan,Aras Transport,Van,482.8,602.6,4130000.0,False,False,1000,False,False,False,On Time
SHP-00232,2026-06-05,2026-06-06,2026-06-08,2026-06-08,Qazvin DC,Tehran,Navid Express,Van,147.9,355.2,1724000.0,False,False,1000,False,False,False,On Time
SHP-00125,2026-06-04,2026-06-04,2026-06-06,2026-06-08,Karaj Hub,Tehran,Rahbar Logistics,Light Truck,53.9,3809.7,2724000.0,False,False,5000,False,False,False,Late
SHP-00428,2026-05-26,2026-05-27,2026-05-29,2026-05-28,Qazvin DC,Tehran,Navid Express,Van,162.2,116.9,1946000.0,False,False,1000,False,False,False,On Time
SHP-00819,2026-05-01,2026-05-02,2026-05-03,,Tehran Central,Karaj,Shahin Cargo,Pickup,55.7,1357.2,1793000.0,False,False,1500,False,False,False,Missing Delivery Record
SHP-00169,2026-03-02,2026-03-03,2026-03-06,2026-03-06,Karaj Hub,Tabriz,Aras Transport,Light Truck,553.7,3102.5,8228000.0,False,False,5000,False,False,False,On Time
SHP-00116,2026-04-13,2026-04-14,2026-04-17,2026-04-17,Tehran Central,Rasht,Pars Freight,Light Truck,350.0,2729.5,6021000.0,False,False,5000,False,False,False,On Time
SHP-01089,2026-04-28,2026-04-29,2026-05-03,2026-05-04,Karaj Hub,Mashhad,Pars Freight,Van,867.0,313.3,7751000.0,False,False,1000,False,False,False,Late
SHP-00987,2026-04-22,2026-04-23,2026-04-27,2026-04-27,Tehran Central,Mashhad,Pars Freight,Pickup,901.6,1211.9,10308000.0,False,False,1500,False,False,False,On Time
SHP-01396,2026-04-17,2026-04-18,2026-04-19,2026-04-19,Tehran Central,Karaj,Aras Transport,Light Truck,55.2,1850.6,2370000.0,False,False,5000,False,False,False,On Time
SHP-01425,2026-02-16,2026-02-17,2026-02-22,2026-02-22,Tehran Central,Tabriz,Navid Express,Light Truck,630.7,2914.8,10080000.0,False,False,5000,False,False,False,On Time
SHP-00416,2026-05-03,2026-05-04,2026-05-08,2026-05-09,Tehran Central,Rasht,Rahbar Logistics,Light Truck,309.2,3900.7,6133000.0,False,False,5000,False,False,False,Late
SHP-00142,2026-02-08,2026-02-10,2026-02-11,2026-02-12,Karaj Hub,Tehran,Aras Transport,Light Truck,55.9,2046.3,2551000.0,False,False,5000,False,False,False,Late
SHP-01234,2026-05-16,2026-05-17,2026-05-20,2026-05-20,Karaj Hub,Hamedan,Rahbar Logistics,Pickup,326.7,431.8,3873000.0,False,False,1500,False,False,False,On Time
SHP-01294,2026-01-01,2026-01-02,2026-01-05,2026-01-05,Karaj Hub,Rasht,Navid Express,Light Truck,309.1,3801.6,5872000.0,False,False,5000,False,False,False,On Time
SHP-00763,2026-06-21,2026-06-22,2026-06-26,2026-06-26,Tabriz DC,Isfahan,Pars Freight,Heavy Truck,949.1,14287.8,22286000.0,False,False,16000,False,False,False,On Time
SHP-01207,2026-04-04,2026-04-05,2026-04-10,2026-04-11,Karaj Hub,Urmia,Aras Transport,Light Truck,721.0,3857.9,11022000.0,False,False,5000,False,False,False,Late
SHP-00463,2026-05-16,2026-05-18,2026-05-22,2026-05-22,Tabriz DC,Tehran,Pars Freight,Light Truck,660.2,1407.3,8093000.0,False,False,5000,False,False,False,On Time
SHP-01244,2026-03-30,2026-04-01,2026-04-04,2026-04-04,Tabriz DC,Rasht,Pars Freight,Pickup,482.6,279.2,5189000.0,False,False,1500,False,False,False,On Time
SHP-00079,2026-04-13,2026-04-14,2026-04-16,2026-04-16,Karaj Hub,Arak,Rahbar Logistics,Pickup,285.5,1085.9,3584000.0,False,False,1500,False,False,False,On Time
SHP-01005,2026-01-24,2026-01-26,2026-01-27,2026-01-27,Tabriz DC,Tabriz,Aras Transport,Light Truck,21.6,1941.6,1817000.0,False,False,5000,False,False,False,On Time
SHP-01442,2026-04-03,2026-04-03,2026-04-05,2026-04-06,Karaj Hub,Arak,Rahbar Logistics,Heavy Truck,294.4,4072.3,7088000.0,False,False,16000,False,False,False,Late
SHP-00572,2026-03-17,2026-03-18,2026-03-22,2026-03-23,Karaj Hub,Mashhad,Navid Express,Pickup,960.7,1369.8,11328000.0,False,False,1500,False,False,False,Late
SHP-00016,2026-05-23,2026-05-24,2026-05-27,2026-05-28,Tehran Central,Isfahan,Rahbar Logistics,Pickup,466.0,895.0,5003000.0,False,False,1500,False,False,False,Late
SHP-00495,2026-02-22,2026-02-23,2026-02-25,2026-02-27,Tehran Central,Qazvin,Aras Transport,Light Truck,154.0,3844.5,4864000.0,False,False,5000,False,False,False,Late
SHP-00351,2026-04-07,2026-04-09,2026-04-13,2026-04-14,Tabriz DC,Mashhad,Rahbar Logistics,Light Truck,1542.6,1674.4,25519000.0,False,False,5000,False,False,False,Late
SHP-01000,2026-04-03,2026-04-03,2026-04-05,,Qazvin DC,Hamedan,Aras Transport,Heavy Truck,260.3,7372.7,7710000.0,False,False,16000,False,False,False,Missing Delivery Record
SHP-00275,2026-03-17,2026-03-18,2026-03-20,2026-03-20,Karaj Hub,Qom,Aras Transport,Heavy Truck,192.0,13402.1,9125000.0,False,False,16000,False,False,False,On Time
SHP-01192,2026-02-20,2026-02-21,2026-02-25,2026-02-26,Tehran Central,Mashhad,Pars Freight,Van,876.9,519.7,8340000.0,False,False,1000,False,False,False,Late
SHP-00272,2026-01-05,2026-01-06,2026-01-07,2026-01-07,Qazvin DC,Qazvin,Navid Express,Van,14.4,778.0,6036000.0,False,False,1000,False,False,False,On Time
SHP-01370,2026-04-25,2026-04-26,2026-04-27,2026-04-27,Karaj Hub,Karaj,Pars Freight,Van,15.7,80.0,641000.0,False,False,1000,False,False,False,On Time
SHP-00238,2026-03-20,2026-03-20,2026-03-22,2026-03-22,Tehran Central,Tehran,Rahbar Logistics,Pickup,26.2,266.3,877000.0,False,False,1500,False,False,False,On Time
SHP-00586,2026-06-17,2026-06-19,2026-06-21,2026-06-20,Karaj Hub,Qazvin,Pars Freight,Pickup,131.5,718.1,2223000.0,False,False,1500,False,False,False,On Time
SHP-01313,2026-05-22,2026-05-23,2026-05-26,2026-05-25,Karaj Hub,Hamedan,Aras Transport,Van,316.3,200.1,3067000.0,False,False,1000,False,False,False,On Time
SHP-00695,2026-01-17,2026-01-18,2026-01-19,2026-01-19,Karaj Hub,Karaj,Pars Freight,Heavy Truck,19.2,8027.7,3625000.0,False,False,16000,False,False,False,On Time
SHP-01002,2026-05-14,2026-05-15,2026-05-17,2026-05-17,Qazvin DC,Rasht,Aras Transport,Light Truck,174.1,644.6,3631000.0,False,False,5000,False,False,False,On Time
SHP-00323,2026-04-22,2026-04-23,2026-04-27,2026-04-27,Tehran Central,Urmia,Aras Transport,Pickup,718.8,364.0,7570000.0,False,False,1500,False,False,False,On Time
SHP-00783,2026-01-23,2026-01-23,2026-01-25,2026-01-26,Qazvin DC,Rasht,Shahin Cargo,Van,171.5,727.0,1828000.0,False,False,1000,False,False,False,Late
SHP-01359,2026-01-19,2026-01-20,2026-01-23,2026-01-26,Tehran Central,Rasht,Pars Freight,Pickup,335.5,789.4,4556000.0,False,False,1500,False,False,False,Late
SHP-01204,2026-05-18,2026-05-19,2026-05-23,2026-05-23,Tehran Central,Tabriz,Rahbar Logistics,Light Truck,659.0,593.1,7758000.0,False,False,5000,False,False,False,On Time
SHP-00971,2026-02-24,2026-02-26,2026-02-28,2026-02-28,Qazvin DC,Karaj,Pars Freight,Pickup,133.1,649.4,1898000.0,False,False,1500,False,False,False,On Time
SHP-01467,2026-04-26,2026-04-27,2026-04-26,2026-05-01,Qazvin DC,Isfahan,Shahin Cargo,Light Truck,577.1,3349.3,9326000.0,True,False,5000,False,False,True,Invalid Date
SHP-00527,2026-06-17,2026-06-19,2026-06-23,2026-06-24,Karaj Hub,Mashhad,Pars Freight,Pickup,916.8,867.1,9335000.0,False,False,1500,False,False,False,Late
SHP-01426,2026-05-28,2026-05-29,2026-06-01,2026-06-01,Karaj Hub,Isfahan,Aras Transport,Van,493.0,370.4,5575000.0,False,False,1000,False,False,False,On Time
SHP-01171,2026-04-24,2026-04-26,2026-04-28,2026-04-30,Karaj Hub,Qom,Rahbar Logistics,Light Truck,178.4,1561.8,3165000.0,False,False,5000,False,False,False,Late
SHP-00176,2026-03-25,2026-03-25,2026-03-28,2026-03-28,Tabriz DC,Arak,Navid Express,Light Truck,599.4,2442.0,9253000.0,False,False,5000,False,False,False,On Time
SHP-00359,2026-01-17,2026-01-18,2026-01-19,,Tehran Central,Karaj,Pars Freight,Pickup,53.4,932.3,1519000.0,False,False,1500,False,False,False,Missing Delivery Record
SHP-00044,2026-03-06,2026-03-07,2026-03-10,2026-03-10,Tabriz DC,Hamedan,Pars Freight,Light Truck,518.6,3325.6,9256000.0,False,False,5000,False,False,False,On Time
SHP-00417,2026-06-25,2026-06-26,2026-06-27,2026-06-27,Qazvin DC,Qazvin,Pars Freight,Van,14.1,203.7,618000.0,False,False,1000,False,False,False,On Time
SHP-00345,2026-06-13,2026-06-14,2026-06-17,2026-06-17,Tehran Central,Qazvin,Aras Transport,Heavy Truck,161.1,9002.2,7466000.0,False,False,16000,False,False,False,On Time
SHP-01027,2026-01-15,2026-01-16,2026-01-19,2026-01-19,Tehran Central,Zanjan,Pars Freight,Heavy Truck,313.0,5030.2,8217000.0,False,False,16000,False,False,False,On Time
SHP-01402,2026-02-13,2026-02-13,2026-02-16,2026-02-16,Tehran Central,Arak,Aras Transport,Van,265.8,843.1,3054000.0,False,False,1000,False,False,False,On Time
SHP-00102,2026-02-06,2026-02-07,2026-02-11,2026-02-10,Tabriz DC,Qom,Shahin Cargo,Light Truck,705.9,1131.6,10007000.0,False,False,5000,False,False,False,On Time
SHP-00108,2026-05-01,2026-05-02,2026-05-03,2026-05-03,Karaj Hub,Tehran,Navid Express,Pickup,60.8,615.2,1359000.0,False,False,1500,False,False,False,On Time
SHP-00343,2026-04-23,2026-04-24,2026-04-28,2026-04-28,Karaj Hub,Urmia,Rahbar Logistics,Pickup,754.6,730.1,7751000.0,False,False,1500,False,False,False,On Time
SHP-01053,2026-04-01,2026-04-02,2026-04-05,2026-04-05,Tabriz DC,Hamedan,Aras Transport,Van,585.4,264.9,6447000.0,False,False,1000,False,False,False,On Time
SHP-00965,2026-06-21,2026-06-22,2026-06-25,2026-06-25,Tabriz DC,Hamedan,Rahbar Logistics,Light Truck,530.6,3018.4,7869000.0,False,False,5000,False,False,False,On Time
SHP-00381,2026-01-01,2026-01-03,2026-01-05,2026-01-05,Tehran Central,Qazvin,Aras Transport,Light Truck,156.0,3626.7,4088000.0,False,False,5000,False,False,False,On Time
SHP-00245,2026-04-24,2026-04-24,2026-04-25,2026-04-26,Tehran Central,Karaj,Aras Transport,Light Truck,53.9,1026.1,1676000.0,False,False,5000,False,False,False,Late
SHP-01100,2026-03-20,2026-03-21,2026-03-24,2026-03-24,Tehran Central,Isfahan,Shahin Cargo,Light Truck,460.3,1464.3,7231000.0,False,False,5000,False,False,False,On Time
SHP-00501,2026-01-21,2026-01-22,2026-01-26,2026-01-28,Tehran Central,Mashhad,Rahbar Logistics,Van,946.6,652.7,10272000.0,False,False,1000,False,False,False,Late
SHP-00701,2026-04-05,2026-04-06,2026-04-08,2026-04-09,Qazvin DC,Qom,Rahbar Logistics,Van,299.6,510.6,3528000.0,False,False,1000,False,False,False,Late
SHP-00129,2026-04-15,2026-04-16,2026-04-19,2026-04-19,Karaj Hub,Isfahan,Navid Express,Van,483.9,106.0,5028000.0,False,False,1000,False,False,False,On Time
SHP-00240,2026-04-24,2026-04-24,2026-04-28,2026-04-28,Tehran Central,Tabriz,Pars Freight,Light Truck,601.3,3779.9,10390000.0,False,False,5000,False,False,False,On Time
SHP-01115,2026-02-05,2026-02-06,2026-02-09,2026-02-10,Tabriz DC,Arak,Shahin Cargo,Pickup,579.3,328.9,6129000.0,False,False,1500,False,False,False,Late
SHP-00683,2026-06-23,2026-06-23,2026-06-24,2026-06-25,Karaj Hub,Tehran,Pars Freight,Pickup,53.1,826.9,1369000.0,False,False,1500,False,False,False,Late
SHP-00483,2026-02-15,2026-02-16,2026-02-17,2026-02-18,Karaj Hub,Tehran,Navid Express,Light Truck,58.2,2995.5,2475000.0,False,False,5000,False,False,False,Late
SHP-01306,2026-05-02,2026-05-03,2026-05-06,2026-05-07,Tehran Central,Rasht,Rahbar Logistics,Pickup,358.2,575.2,3668000.0,False,False,1500,False,False,False,Late
SHP-00276,2026-03-29,2026-03-29,2026-04-01,2026-04-01,Tabriz DC,Hamedan,Navid Express,Pickup,594.9,585.9,6072000.0,False,False,1500,False,False,False,On Time
SHP-00583,2026-01-20,2026-01-21,2026-01-25,2026-01-26,Tehran Central,Mashhad,Aras Transport,Light Truck,914.0,2485.4,13005000.0,False,False,5000,False,False,False,Late
SHP-00204,2026-05-07,2026-05-07,2026-05-09,2026-05-09,Qazvin DC,Qom,Aras Transport,Light Truck,289.1,2824.5,5423000.0,False,False,5000,False,False,False,On Time
SHP-00033,2026-01-17,2026-01-18,2026-01-21,2026-01-22,Tehran Central,Hamedan,Aras Transport,Heavy Truck,311.6,11523.8,,False,True,16000,False,False,True,Late
SHP-01320,2026-03-13,2026-03-14,2026-03-17,2026-03-17,Tehran Central,Zanjan,Rahbar Logistics,Pickup,363.9,1183.0,4638000.0,False,False,1500,False,False,False,On Time
SHP-00814,2026-02-21,2026-02-22,2026-02-26,2026-02-27,Tehran Central,Urmia,Navid Express,Van,765.6,702.8,8112000.0,False,False,1000,False,False,False,Late
SHP-00998,2026-03-07,2026-03-08,2026-03-10,2026-03-10,Tabriz DC,Urmia,Navid Express,Van,146.9,533.5,1675000.0,False,False,1000,False,False,False,On Time
SHP-00382,2026-06-19,2026-06-19,2026-06-23,2026-06-24,Tehran Central,Mashhad,Pars Freight,Van,930.2,400.1,9199000.0,False,False,1000,False,False,False,Late
SHP-01074,2026-04-06,2026-04-07,2026-04-10,2026-04-11,Karaj Hub,Isfahan,Aras Transport,Pickup,470.1,817.6,5286000.0,False,False,1500,False,False,False,Late
SHP-01349,2026-05-13,2026-05-14,2026-05-16,2026-05-16,Tehran Central,Qom,Shahin Cargo,Pickup,146.0,273.9,1953000.0,False,False,1500,False,False,False,On Time
SHP-00579,2026-06-11,2026-06-12,2026-06-16,2026-06-18,Tehran Central,Mashhad,Pars Freight,Heavy Truck,869.0,4226.4,18292000.0,False,False,16000,False,False,False,Late
SHP-00888,2026-02-04,2026-02-05,2026-02-09,2026-02-09,Tabriz DC,Arak,Rahbar Logistics,Pickup,652.1,887.2,6167000.0,False,False,1500,False,False,False,On Time
SHP-01326,2026-02-03,2026-02-04,2026-02-07,2026-02-07,Qazvin DC,Qom,Pars Freight,Heavy Truck,330.1,4868.0,8639000.0,False,False,16000,False,False,False,On Time
SHP-01327,2026-05-03,2026-05-04,2026-05-08,,Tehran Central,Tabriz,Rahbar Logistics,Light Truck,676.9,1379.8,9806000.0,False,False,5000,False,False,False,Missing Delivery Record
SHP-00942,2026-03-15,2026-03-17,2026-03-21,2026-03-22,Tabriz DC,Qom,Shahin Cargo,Light Truck,661.3,4111.8,11406000.0,False,False,5000,False,False,False,Late
SHP-00164,2026-03-15,2026-03-17,2026-03-20,,Tehran Central,Isfahan,Navid Express,Pickup,480.1,1005.2,4832000.0,False,False,1500,False,False,False,Missing Delivery Record
SHP-00910,2026-01-17,2026-01-18,2026-01-20,2026-01-21,Tehran Central,Qazvin,Rahbar Logistics,Pickup,147.3,805.7,2437000.0,False,False,1500,False,False,False,Late
SHP-00298,2026-03-21,2026-03-22,2026-03-24,2026-03-25,Karaj Hub,Qom,Rahbar Logistics,Light Truck,197.5,3372.4,4318000.0,False,False,5000,False,False,False,Late
SHP-00756,2026-03-21,2026-03-22,2026-03-23,2026-03-21,Tehran Central,Tehran,Rahbar Logistics,Light Truck,21.1,2068.1,2068000.0,True,False,5000,False,False,True,Invalid Date
SHP-00406,2026-04-01,2026-04-02,2026-04-06,2026-04-06,Tehran Central,Tabriz,Pars Freight,Van,629.3,717.9,5625000.0,False,False,1000,False,False,False,On Time
SHP-00969,2026-06-16,2026-06-17,2026-06-21,2026-06-21,Tabriz DC,Rasht,Pars Freight,Pickup,503.9,183.3,5671000.0,False,False,1500,False,False,False,On Time
SHP-00606,2026-04-08,2026-04-10,2026-04-14,2026-04-14,Tehran Central,Mashhad,Pars Freight,Pickup,851.5,984.2,8719000.0,False,False,1500,False,False,False,On Time
SHP-00421,2026-06-17,2026-06-18,2026-06-21,2026-06-21,Tehran Central,Zanjan,Rahbar Logistics,Light Truck,332.0,4129.8,6025000.0,False,False,5000,False,False,False,On Time
SHP-00465,2026-01-02,2026-01-03,2026-01-06,2026-01-07,Tabriz DC,Qazvin,Shahin Cargo,Light Truck,512.2,1516.1,7634000.0,False,False,5000,False,False,False,Late
SHP-01188,2026-04-19,2026-04-21,2026-04-24,2026-04-24,Karaj Hub,Hamedan,Pars Freight,Light Truck,316.5,4267.6,6694000.0,False,False,5000,False,False,False,On Time
SHP-00940,2026-04-03,2026-04-05,2026-04-09,2026-04-09,Tabriz DC,Qom,Pars Freight,Pickup,715.3,619.5,8118000.0,False,False,1500,False,False,False,On Time
SHP-00193,2026-04-20,2026-04-20,2026-04-23,2026-04-23,Qazvin DC,Tabriz,Aras Transport,Heavy Truck,469.0,3886.7,11040000.0,False,False,16000,False,False,False,On Time
SHP-00675,2026-04-23,2026-04-23,2026-04-27,2026-04-27,Tabriz DC,Qom,Pars Freight,Heavy Truck,709.9,2897.3,15363000.0,False,False,16000,False,False,False,On Time
SHP-00352,2026-01-09,2026-01-10,2026-01-14,2026-01-14,Tabriz DC,Isfahan,Navid Express,Light Truck,921.4,2496.1,12411000.0,False,False,5000,False,False,False,On Time
SHP-00859,2026-05-02,2026-05-03,2026-05-06,2026-05-06,Karaj Hub,Hamedan,Rahbar Logistics,Heavy Truck,323.3,11939.6,9988000.0,False,False,16000,False,False,False,On Time
SHP-00064,2026-06-25,2026-06-26,2026-06-30,2026-06-30,Tabriz DC,Karaj,Navid Express,Van,624.5,490.6,6153000.0,False,False,1000,False,False,False,On Time
SHP-01174,2026-02-02,2026-02-03,2026-02-07,2026-02-08,Tabriz DC,Tehran,Pars Freight,Light Truck,659.8,1639.0,9431000.0,False,False,5000,False,False,False,Late
SHP-00766,2026-05-22,2026-05-22,2026-05-26,2026-05-26,Tabriz DC,Karaj,Aras Transport,Van,600.2,272.2,5380000.0,False,False,1000,False,False,False,On Time
SHP-01441,2026-05-22,2026-05-22,2026-05-24,2026-05-24,Karaj Hub,Qazvin,Pars Freight,Heavy Truck,126.7,8737.7,5656000.0,False,False,16000,False,False,False,On Time
SHP-00262,2026-01-31,2026-01-31,2026-02-03,2026-02-04,Tabriz DC,Hamedan,Shahin Cargo,Pickup,581.1,626.9,6056000.0,False,False,1500,False,False,False,Late
SHP-01221,2026-04-28,2026-04-29,2026-05-01,2026-05-02,Qazvin DC,Rasht,Pars Freight,Light Truck,173.0,1382.7,3792000.0,False,False,5000,False,False,False,Late
SHP-00472,2026-05-26,2026-05-28,2026-06-01,2026-06-02,Karaj Hub,Mashhad,Aras Transport,Light Truck,901.3,882.0,11018000.0,False,False,5000,False,False,False,Late
SHP-01335,2026-04-07,2026-04-08,2026-04-09,2026-04-09,Karaj Hub,Tehran,Aras Transport,Light Truck,53.5,1350.7,1817000.0,False,False,5000,False,False,False,On Time
SHP-00199,2026-03-03,2026-03-03,2026-03-07,2026-03-07,Tabriz DC,Isfahan,Navid Express,Van,930.9,297.1,8013000.0,False,False,1000,False,False,False,On Time
SHP-01232,2026-05-13,2026-05-14,2026-05-15,2026-05-15,Tabriz DC,Tabriz,Navid Express,Heavy Truck,28.2,11422.0,4428000.0,False,False,16000,False,False,False,On Time
SHP-00918,2026-05-22,2026-05-23,2026-05-25,2026-05-26,Tehran Central,Qazvin,Pars Freight,Heavy Truck,151.9,9137.6,5534000.0,False,False,16000,False,False,False,Late
SHP-00744,2026-02-18,2026-02-19,2026-02-22,2026-02-22,Karaj Hub,Hamedan,Pars Freight,Pickup,307.5,271.9,3477000.0,False,False,1500,False,False,False,On Time
SHP-00571,2026-06-21,2026-06-22,2026-06-25,2026-06-27,Qazvin DC,Isfahan,Shahin Cargo,Heavy Truck,511.7,9096.6,12486000.0,False,False,16000,False,False,False,Late
SHP-00219,2026-03-22,2026-03-23,2026-03-27,2026-03-27,Tehran Central,Urmia,Shahin Cargo,Pickup,713.0,598.3,7461000.0,False,False,1500,False,False,False,On Time
SHP-00454,2026-01-05,2026-01-06,2026-01-09,2026-01-09,Tehran Central,Hamedan,Aras Transport,Light Truck,320.1,1973.6,5374000.0,False,False,5000,False,False,False,On Time
SHP-00031,2026-03-23,2026-03-25,2026-03-29,2026-03-29,Tehran Central,Tabriz,Pars Freight,Van,646.9,221.0,6066000.0,False,False,1000,False,False,False,On Time
SHP-00057,2026-04-09,2026-04-10,2026-04-14,2026-04-14,Karaj Hub,Urmia,Navid Express,Van,686.3,857.1,7016000.0,False,False,1000,False,False,False,On Time
SHP-01211,2026-04-23,2026-04-24,2026-04-26,2026-04-27,Qazvin DC,Tehran,Rahbar Logistics,Light Truck,166.3,3444.3,4051000.0,False,False,5000,False,False,False,Late
SHP-01386,2026-02-12,2026-02-12,2026-02-14,2026-02-14,Tehran Central,Qazvin,Pars Freight,Light Truck,162.1,1600.5,3186000.0,False,False,5000,False,False,False,On Time
SHP-01066,2026-03-12,2026-03-13,2026-03-15,2026-03-15,Karaj Hub,Qom,Aras Transport,Van,192.2,287.2,2306000.0,False,False,1000,False,False,False,On Time
SHP-00431,2026-01-16,2026-01-16,2026-01-20,2026-01-23,Qazvin DC,Urmia,Shahin Cargo,Heavy Truck,625.5,6418.9,14112000.0,False,False,16000,False,False,False,Late
SHP-00725,2026-05-23,2026-05-24,2026-05-26,2026-05-26,Tehran Central,Hamedan,Rahbar Logistics,Heavy Truck,298.8,7721.6,9998000.0,False,False,16000,False,False,False,On Time
SHP-01145,2026-03-01,2026-03-01,2026-03-03,2026-03-03,Karaj Hub,Qom,Pars Freight,Light Truck,194.6,1978.0,4049000.0,False,False,5000,False,False,False,On Time
SHP-01006,2026-06-16,2026-06-18,2026-06-20,2026-06-19,Tehran Central,Qazvin,Shahin Cargo,Light Truck,153.8,1133.2,3067000.0,False,False,5000,False,False,False,On Time
SHP-01051,2026-04-03,2026-04-04,2026-04-07,2026-04-07,Qazvin DC,Isfahan,Shahin Cargo,Light Truck,544.2,3271.7,8651000.0,False,False,5000,False,False,False,On Time
SHP-01346,2026-06-30,2026-06-30,2026-07-02,2026-07-02,Karaj Hub,Zanjan,Aras Transport,Light Truck,295.0,2385.9,4979000.0,False,False,5000,False,False,False,On Time
SHP-01237,2026-01-01,2026-01-02,2026-01-05,2026-01-05,Qazvin DC,Isfahan,Pars Freight,Light Truck,598.8,3123.3,10015000.0,False,False,5000,False,False,False,On Time
SHP-01236,2026-03-04,2026-03-06,2026-03-07,2026-03-07,Tehran Central,Tehran,Pars Freight,Pickup,16.7,1346.6,1445000.0,False,False,1500,False,False,False,On Time
SHP-01449,2026-05-14,2026-05-15,2026-05-18,2026-05-18,Tehran Central,Zanjan,Navid Express,Light Truck,347.1,3458.0,5894000.0,False,False,5000,False,False,False,On Time
SHP-00621,2026-03-20,2026-03-22,2026-03-26,2026-03-26,Tehran Central,Tabriz,Navid Express,Van,624.9,536.1,6039000.0,False,False,1000,False,False,False,On Time
SHP-01068,2026-04-27,2026-04-28,2026-05-01,2026-05-01,Tehran Central,Hamedan,Aras Transport,Light Truck,323.2,1721.8,5364000.0,False,False,5000,False,False,False,On Time
SHP-00839,2026-01-03,2026-01-04,2026-01-08,,Qazvin DC,Isfahan,Navid Express,Van,581.5,782.7,5902000.0,False,False,1000,False,False,False,Missing Delivery Record
SHP-00100,2026-01-26,2026-01-27,2026-01-31,2026-01-31,Tabriz DC,Mashhad,Navid Express,Pickup,1560.7,1054.1,16783000.0,False,False,1500,False,False,False,On Time
SHP-00533,2026-01-29,2026-01-30,2026-02-02,2026-02-02,Qazvin DC,Isfahan,Pars Freight,Light Truck,572.6,2358.1,9002000.0,False,False,5000,False,False,False,On Time
SHP-00529,2026-06-15,2026-06-16,2026-06-19,2026-06-20,Qazvin DC,Tabriz,Rahbar Logistics,Light Truck,458.0,4495.0,7635000.0,False,False,5000,False,False,False,Late
SHP-01347,2026-06-04,2026-06-04,2026-06-08,2026-06-08,Tehran Central,Tabriz,Shahin Cargo,Van,633.0,80.4,5530000.0,False,False,1000,False,False,False,On Time
SHP-01173,2026-03-12,2026-03-13,2026-03-15,2026-03-15,Tehran Central,Hamedan,Navid Express,Pickup,290.9,362.4,3479000.0,False,False,1500,False,False,False,On Time
SHP-01179,2026-02-16,2026-02-17,2026-02-21,2026-02-21,Karaj Hub,Urmia,Rahbar Logistics,Light Truck,728.6,4202.8,11984000.0,False,False,5000,False,False,False,On Time
SHP-00630,2026-03-08,2026-03-09,2026-03-11,2026-03-10,Karaj Hub,Qazvin,Rahbar Logistics,Light Truck,136.3,3518.9,3500000.0,False,False,5000,False,False,False,On Time
SHP-01028,2026-02-20,2026-02-21,2026-02-22,2026-02-22,Tehran Central,Tehran,Aras Transport,Pickup,25.3,597.1,1090000.0,False,False,1500,False,False,False,On Time
SHP-00271,2026-02-23,2026-02-24,2026-02-28,2026-02-28,Karaj Hub,Tabriz,Rahbar Logistics,Heavy Truck,605.5,10232.5,12851000.0,False,False,16000,False,False,False,On Time
SHP-01342,2026-01-25,2026-01-26,2026-01-28,2026-01-28,Qazvin DC,Qazvin,Rahbar Logistics,Pickup,16.9,424.1,738000.0,False,False,1500,False,False,False,On Time
SHP-00627,2026-03-03,2026-03-05,2026-03-09,2026-03-10,Tehran Central,Isfahan,Shahin Cargo,Heavy Truck,482.5,7060.9,11056000.0,False,False,16000,False,False,False,Late
SHP-01043,2026-03-17,2026-03-18,2026-03-21,2026-03-21,Karaj Hub,Isfahan,Pars Freight,Light Truck,449.1,2799.0,7177000.0,False,False,5000,False,False,False,On Time
SHP-00977,2026-01-18,2026-01-19,2026-01-21,2026-01-21,Karaj Hub,Qazvin,Pars Freight,Van,132.9,396.4,1738000.0,False,False,1000,False,False,False,On Time
SHP-00372,2026-04-30,2026-05-01,2026-05-04,2026-05-07,Tehran Central,Arak,Shahin Cargo,Heavy Truck,271.8,4527.3,8282000.0,False,False,16000,False,False,False,Late
SHP-00589,2026-06-01,2026-06-03,2026-06-06,2026-06-06,Tabriz DC,Hamedan,Shahin Cargo,Pickup,563.7,499.3,5849000.0,False,False,1500,False,False,False,On Time
SHP-00968,2026-02-27,2026-02-28,2026-03-04,2026-03-06,Tehran Central,Tabriz,Shahin Cargo,Light Truck,677.6,1197.9,10842000.0,False,False,5000,False,False,False,Late
SHP-01166,2026-01-20,2026-01-22,2026-01-24,2026-01-24,Karaj Hub,Qom,Aras Transport,Van,189.1,212.6,2141000.0,False,False,1000,False,False,False,On Time
SHP-01147,2026-04-07,2026-04-08,2026-04-12,2026-04-15,Tabriz DC,Karaj,Pars Freight,Pickup,649.5,594.9,5953000.0,False,False,1500,False,False,False,Late
SHP-00237,2026-05-01,2026-05-02,2026-05-04,2026-05-05,Tehran Central,Hamedan,Shahin Cargo,Heavy Truck,275.7,2807.0,6819000.0,False,False,16000,False,False,False,Late
SHP-00597,2026-04-15,2026-04-16,2026-04-20,2026-04-20,Karaj Hub,Rasht,Rahbar Logistics,Light Truck,303.7,3343.5,5968000.0,False,False,5000,False,False,False,On Time
SHP-00963,2026-06-02,2026-06-03,2026-06-06,2026-06-07,Tabriz DC,Zanjan,Navid Express,Van,309.7,334.9,3181000.0,False,False,1000,False,False,False,Late
SHP-01446,2026-01-07,2026-01-08,2026-01-11,2026-01-12,Tabriz DC,Arak,Shahin Cargo,Heavy Truck,502.4,6845.7,10848000.0,False,False,16000,False,False,False,Late
SHP-01164,2026-04-07,2026-04-08,2026-04-11,2026-04-11,Tehran Central,Hamedan,Rahbar Logistics,Heavy Truck,318.6,8864.8,8778000.0,False,False,16000,False,False,False,On Time
SHP-00591,2026-05-25,2026-05-26,2026-05-27,2026-05-28,Qazvin DC,Qazvin,Aras Transport,Pickup,4200.0,797.2,1023000.0,False,False,1500,False,True,True,Late
SHP-00209,2026-02-17,2026-02-18,2026-02-21,2026-02-21,Karaj Hub,Arak,Shahin Cargo,Light Truck,299.0,3046.2,5664000.0,False,False,5000,False,False,False,On Time
SHP-01075,2026-03-26,2026-03-27,2026-03-29,2026-03-29,Tehran Central,Qom,Pars Freight,Heavy Truck,151.7,9935.1,7112000.0,False,False,16000,False,False,False,On Time
SHP-00900,2026-04-22,2026-04-23,2026-04-25,2026-04-25,Qazvin DC,Rasht,Rahbar Logistics,Pickup,181.2,1267.8,2966000.0,False,False,1500,False,False,False,On Time
SHP-00354,2026-03-20,2026-03-21,2026-03-23,2026-03-24,Karaj Hub,Qazvin,Pars Freight,Light Truck,139.7,2524.55,4391000.0,False,False,5000,False,False,False,Late
SHP-00059,2026-05-15,2026-05-16,2026-05-19,2026-05-20,Tehran Central,Isfahan,Shahin Cargo,Heavy Truck,442.4,7585.3,11645000.0,False,False,16000,False,False,False,Late
SHP-00304,2026-06-12,2026-06-13,2026-06-16,2026-06-16,Karaj Hub,Rasht,Rahbar Logistics,Heavy Truck,309.5,6876.6,8814000.0,False,False,16000,False,False,False,On Time
SHP-01448,2026-06-23,2026-06-24,2026-06-26,2026-06-26,Qazvin DC,Zanjan,Aras Transport,Light Truck,180.2,3162.9,4232000.0,False,False,5000,False,False,False,On Time
SHP-00844,2026-01-07,2026-01-07,2026-01-10,2026-01-11,Qazvin DC,Qom,Rahbar Logistics,Heavy Truck,317.3,4821.3,8523000.0,False,False,16000,False,False,False,Late
SHP-01262,2026-06-17,2026-06-18,2026-06-20,,Tehran Central,Arak,Navid Express,Heavy Truck,277.6,6993.6,7277000.0,False,False,16000,False,False,False,Missing Delivery Record
SHP-01431,2026-03-27,2026-03-28,2026-04-01,2026-04-01,Tehran Central,Urmia,Rahbar Logistics,Pickup,738.9,207.9,7449000.0,False,False,1500,False,False,False,On Time
SHP-01210,2026-06-24,2026-06-25,2026-06-27,2026-06-27,Qazvin DC,Karaj,Rahbar Logistics,Van,129.4,398.2,1672000.0,False,False,1000,False,False,False,On Time
SHP-00368,2026-02-27,2026-03-01,2026-03-04,2026-03-04,Tabriz DC,Hamedan,Aras Transport,Van,554.5,690.0,5401000.0,False,False,1000,False,False,False,On Time
SHP-01358,2026-01-25,2026-01-26,2026-01-30,2026-01-29,Karaj Hub,Tabriz,Pars Freight,Light Truck,606.4,2773.7,10029000.0,False,False,5000,False,False,False,On Time
SHP-01198,2026-06-27,2026-06-29,2026-07-02,2026-07-03,Tabriz DC,Arak,Shahin Cargo,Light Truck,580.2,2385.1,7597000.0,False,False,5000,False,False,False,Late
SHP-01305,2026-04-21,2026-04-21,2026-04-25,2026-04-25,Tabriz DC,Mashhad,Navid Express,Van,1525.3,116.1,13623000.0,False,False,1000,False,False,False,On Time
SHP-01233,2026-06-25,2026-06-26,2026-06-28,2026-06-30,Qazvin DC,Hamedan,Shahin Cargo,Heavy Truck,272.4,8942.9,8603000.0,False,False,16000,False,False,False,Late
SHP-00705,2026-01-24,2026-01-25,2026-01-27,2026-01-27,Qazvin DC,Qazvin,Aras Transport,Van,17.9,493.1,765000.0,False,False,1000,False,False,False,On Time
SHP-00234,2026-05-18,2026-05-20,2026-05-21,2026-05-21,Karaj Hub,Tehran,Shahin Cargo,Van,53.6,375.7,1120000.0,False,False,1000,False,False,False,On Time
SHP-00619,2026-01-12,2026-01-13,2026-01-16,2026-01-16,Tehran Central,Hamedan,Pars Freight,Light Truck,312.7,1305.3,5178000.0,False,False,5000,False,False,False,On Time
SHP-00197,2026-03-04,2026-03-05,2026-03-08,2026-03-08,Tehran Central,Qazvin,Shahin Cargo,Heavy Truck,165.5,6344.9,5310000.0,False,False,16000,False,False,False,On Time
SHP-01260,2026-05-26,2026-05-26,2026-05-29,2026-05-29,Karaj Hub,Hamedan,Aras Transport,Heavy Truck,318.4,14340.9,10579000.0,False,False,16000,False,False,False,On Time
SHP-00082,2026-03-21,2026-03-21,2026-03-22,2026-03-22,Qazvin DC,Qazvin,Navid Express,Heavy Truck,19.5,6882.5,3305000.0,False,False,16000,False,False,False,On Time
SHP-01405,2026-02-02,2026-02-04,2026-02-07,2026-02-07,Qazvin DC,Arak,Navid Express,Light Truck,300.3,4140.6,5550000.0,False,False,5000,False,False,False,On Time
SHP-00598,2026-05-22,2026-05-23,2026-05-28,2026-05-28,Karaj Hub,Urmia,Pars Freight,Light Truck,717.8,1630.4,9971000.0,False,False,5000,False,False,False,On Time
SHP-01157,2026-01-22,2026-01-22,2026-01-25,2026-01-25,Tabriz DC,Qazvin,Pars Freight,Light Truck,451.8,1715.2,7816000.0,False,False,5000,False,False,False,On Time
SHP-00112,2026-05-22,2026-05-23,2026-05-26,2026-05-28,Karaj Hub,Hamedan,Aras Transport,Light Truck,315.7,2973.9,6123000.0,False,False,5000,False,False,False,Late
SHP-01277,2026-04-29,2026-05-01,2026-05-05,2026-05-05,Tehran Central,Urmia,Navid Express,Van,709.5,214.1,6296000.0,False,False,1000,False,False,False,On Time
SHP-00781,2026-06-08,2026-06-09,2026-06-12,2026-06-13,Tehran Central,Hamedan,Navid Express,Light Truck,319.6,4297.1,6414000.0,False,False,5000,False,False,False,Late
SHP-00984,2026-04-28,2026-04-29,2026-05-02,2026-05-02,Tabriz DC,Urmia,Shahin Cargo,Light Truck,142.4,1397.9,3186000.0,False,False,5000,False,False,False,On Time
SHP-00800,2026-03-22,2026-03-23,2026-03-24,2026-03-24,Tehran Central,Tehran,Pars Freight,Van,27.3,490.5,945000.0,False,False,1000,False,False,False,On Time
SHP-01266,2026-01-07,2026-01-08,2026-01-11,2026-01-11,Qazvin DC,Tabriz,Navid Express,Heavy Truck,443.9,13258.3,12395000.0,False,False,16000,False,False,False,On Time
SHP-01151,2026-03-08,2026-03-08,2026-03-10,2026-03-11,Tehran Central,Rasht,Aras Transport,Heavy Truck,294.9,7167.6,7583000.0,False,False,16000,False,False,False,Late
SHP-00825,2026-04-23,2026-04-24,2026-04-26,2026-04-26,Qazvin DC,Zanjan,Aras Transport,Light Truck,198.4,4211.6,4581000.0,False,False,5000,False,False,False,On Time
SHP-00383,2026-06-21,2026-06-21,2026-06-25,2026-06-25,Tabriz DC,Mashhad,Navid Express,Pickup,1566.9,232.4,16605000.0,False,False,1500,False,False,False,On Time
SHP-00539,2026-04-08,2026-04-10,2026-04-13,2026-04-14,Karaj Hub,Tabriz,Shahin Cargo,Light Truck,573.4,4046.7,9693000.0,False,False,5000,False,False,False,Late
SHP-00569,2026-04-27,2026-04-28,2026-05-02,2026-05-03,Tehran Central,Mashhad,Navid Express,Heavy Truck,873.1,7520.7,19802000.0,False,False,16000,False,False,False,Late
SHP-01113,2026-02-04,2026-02-06,2026-02-08,2026-02-08,Tabriz DC,Urmia,Pars Freight,Light Truck,155.4,2338.6,3923000.0,False,False,5000,False,False,False,On Time
SHP-00325,2026-06-26,2026-06-26,2026-06-28,2026-06-29,Tabriz DC,Urmia,Rahbar Logistics,Heavy Truck,148.0,2809.6,4952000.0,False,False,16000,False,False,False,Late
SHP-00362,2026-06-11,2026-06-11,2026-06-15,,Tehran Central,Urmia,Rahbar Logistics,Pickup,819.0,1081.4,8760000.0,False,False,1500,False,False,False,Missing Delivery Record
SHP-00660,2026-02-22,2026-02-23,2026-02-27,2026-02-28,Qazvin DC,Mashhad,Pars Freight,Light Truck,1161.4,1244.6,15952000.0,False,False,5000,False,False,False,Late
SHP-01030,2026-03-02,2026-03-03,2026-03-05,2026-03-06,Tehran Central,Qom,Aras Transport,Van,137.2,786.8,1673000.0,False,False,1000,False,False,False,Late
SHP-00708,2026-04-14,2026-04-16,2026-04-19,2026-04-20,Tehran Central,Rasht,Rahbar Logistics,Light Truck,337.3,582.2,4374000.0,False,False,5000,False,False,False,Late
SHP-00333,2026-02-26,2026-02-27,2026-03-02,2026-03-02,Tabriz DC,Rasht,Navid Express,Light Truck,495.6,2208.1,7039000.0,False,False,5000,False,False,False,On Time
SHP-00430,2026-05-10,2026-05-11,2026-05-15,2026-05-15,Tehran Central,Mashhad,Pars Freight,Van,833.3,118.1,9075000.0,False,False,1000,False,False,False,On Time
SHP-01243,2026-06-24,2026-06-26,2026-06-28,2026-06-27,Qazvin DC,Tehran,Navid Express,Light Truck,160.1,3168.5,4247000.0,False,False,5000,False,False,False,On Time
SHP-00426,2026-02-06,2026-02-06,2026-02-08,2026-02-09,Tehran Central,Qom,Rahbar Logistics,Heavy Truck,141.9,10266.9,5510000.0,False,False,16000,False,False,False,Late
SHP-00629,2026-04-02,2026-04-03,2026-04-08,2026-04-10,Tehran Central,Mashhad,Shahin Cargo,Heavy Truck,925.3,9340.6,19050000.0,False,False,16000,False,False,False,Late
SHP-01112,2026-02-12,2026-02-13,2026-02-16,2026-02-16,Tehran Central,Arak,Navid Express,Pickup,277.5,569.4,3383000.0,False,False,1500,False,False,False,On Time
SHP-00678,2026-01-16,2026-01-16,2026-01-17,2026-01-18,Qazvin DC,Qazvin,Aras Transport,Light Truck,23.0,2795.0,2039000.0,False,False,5000,False,False,False,Late
SHP-00694,2026-06-21,2026-06-22,2026-06-25,2026-06-25,Tabriz DC,Rasht,Rahbar Logistics,Light Truck,488.8,4315.7,8161000.0,False,False,5000,False,False,False,On Time
SHP-00758,2026-03-11,2026-03-12,2026-03-15,2026-03-15,Tabriz DC,Qazvin,Aras Transport,Light Truck,510.8,4275.1,8992000.0,False,False,5000,False,False,False,On Time
SHP-00255,2026-04-30,2026-05-01,2026-05-02,2026-05-03,Tabriz DC,Tabriz,Navid Express,Light Truck,27.5,2421.5,1968000.0,False,False,5000,False,False,False,Late
SHP-01095,2026-03-01,2026-03-02,2026-03-04,2026-03-04,Karaj Hub,Qom,Aras Transport,Heavy Truck,202.7,12329.6,7800000.0,False,False,16000,False,False,False,On Time
SHP-00917,2026-04-09,2026-04-10,2026-04-12,2026-04-12,Tehran Central,Qom,Navid Express,Light Truck,153.4,2310.6,3750000.0,False,False,5000,False,False,False,On Time
SHP-01186,2026-02-25,2026-02-26,2026-03-01,,Karaj Hub,Zanjan,Aras Transport,Light Truck,321.5,942.1,5092000.0,False,False,5000,False,False,False,Missing Delivery Record
SHP-00669,2026-06-16,2026-06-17,2026-06-21,2026-06-21,Tehran Central,Urmia,Aras Transport,Pickup,760.4,1255.7,7995000.0,False,False,1500,False,False,False,On Time
SHP-00842,2026-04-29,2026-04-30,2026-05-03,2026-05-04,Tabriz DC,Rasht,Unknown,Van,460.0,204.8,4481000.0,False,False,1000,False,False,False,Late
SHP-00807,2026-04-09,2026-04-11,2026-04-16,,Tehran Central,Urmia,Rahbar Logistics,Pickup,789.0,1221.0,8857000.0,False,False,1500,False,False,False,Missing Delivery Record
SHP-01457,2026-06-28,2026-06-29,2026-07-02,2026-07-02,Karaj Hub,Hamedan,Aras Transport,Heavy Truck,312.1,13364.1,10747000.0,False,False,16000,False,False,False,On Time
SHP-00087,2026-01-18,2026-01-19,2026-01-23,2026-01-23,Karaj Hub,Tabriz,Rahbar Logistics,Light Truck,631.0,3738.1,8659000.0,False,False,5000,False,False,False,On Time
SHP-01422,2026-06-30,2026-07-01,2026-07-02,2026-07-04,Tehran Central,Karaj,Pars Freight,Pickup,54.0,429.1,1376000.0,False,False,1500,False,False,False,Late
SHP-00266,2026-04-16,2026-04-17,2026-04-20,2026-04-20,Tehran Central,Zanjan,Rahbar Logistics,Van,331.8,469.1,3714000.0,False,False,1000,False,False,False,On Time
SHP-00288,2026-04-14,2026-04-15,2026-04-17,2026-04-19,Qazvin DC,Karaj,Unknown,Light Truck,129.7,3281.8,3167000.0,False,False,5000,False,False,False,Late
SHP-00813,2026-05-04,2026-05-06,2026-05-10,2026-05-11,Tabriz DC,Mashhad,Pars Freight,Van,1537.0,376.0,13329000.0,False,False,1000,False,False,False,Late
SHP-00893,2026-04-05,2026-04-06,2026-04-08,2026-04-10,Tehran Central,Qazvin,Rahbar Logistics,Light Truck,157.5,2541.7,3049000.0,False,False,5000,False,False,False,Late
SHP-00938,2026-01-27,2026-01-28,2026-01-31,2026-01-31,Tabriz DC,Rasht,Shahin Cargo,Light Truck,469.8,3053.8,5624000.0,False,False,5000,False,False,False,On Time
SHP-00979,2026-03-05,2026-03-06,2026-03-08,2026-03-08,Qazvin DC,Rasht,Navid Express,Light Truck,178.4,4138.1,4491000.0,False,False,5000,False,False,False,On Time
SHP-00535,2026-04-15,2026-04-16,2026-04-17,2026-04-17,Karaj Hub,Tehran,Pars Freight,Light Truck,63.8,2465.0,2713000.0,False,False,5000,False,False,False,On Time
SHP-01001,2026-05-27,2026-05-27,2026-05-31,2026-06-01,Tabriz DC,Tehran,Aras Transport,Pickup,619.7,623.1,7278000.0,False,False,1500,False,False,False,Late
SHP-00222,2026-03-24,2026-03-25,2026-03-27,2026-03-27,Tabriz DC,Tabriz,Shahin Cargo,Light Truck,26.9,1888.3,1814000.0,False,False,5000,False,False,False,On Time
SHP-00114,2026-03-25,2026-03-27,2026-03-31,2026-03-31,Tehran Central,Mashhad,Navid Express,Heavy Truck,924.5,7190.4,18594000.0,False,False,16000,False,False,False,On Time
SHP-00673,2026-04-26,2026-04-27,2026-04-28,2026-04-29,Tehran Central,Tehran,Pars Freight,Light Truck,29.6,4165.3,2737000.0,False,False,5000,False,False,False,Late
SHP-00584,2026-01-10,2026-01-11,2026-01-15,2026-01-15,Tabriz DC,Qom,Rahbar Logistics,Pickup,680.2,407.7,8611000.0,False,False,1500,False,False,False,On Time
SHP-00175,2026-05-07,2026-05-07,2026-05-10,2026-05-11,Tehran Central,Arak,Pars Freight,Light Truck,298.0,4134.5,6424000.0,False,False,5000,False,False,False,Late
SHP-00536,2026-01-28,2026-01-28,2026-01-30,2026-01-30,Qazvin DC,Hamedan,Pars Freight,Heavy Truck,254.3,14099.8,10270000.0,False,False,16000,False,False,False,On Time
SHP-01079,2026-03-17,2026-03-18,2026-03-21,2026-03-21,Tehran Central,Isfahan,Aras Transport,Light Truck,434.9,3158.0,6703000.0,False,False,5000,False,False,False,On Time
SHP-01177,2026-02-27,2026-03-01,2026-03-03,2026-03-03,Tehran Central,Qazvin,Pars Freight,Light Truck,148.5,1358.3,2921000.0,False,False,5000,False,False,False,On Time
SHP-01107,2026-02-14,2026-02-15,2026-02-17,2026-02-17,Karaj Hub,Qom,Rahbar Logistics,Van,196.8,637.9,2685000.0,False,False,1000,False,False,False,On Time
SHP-00983,2026-04-10,2026-04-10,2026-04-14,2026-04-14,Karaj Hub,Urmia,Rahbar Logistics,Heavy Truck,732.6,12426.9,18832000.0,False,False,16000,False,False,False,On Time
SHP-00286,2026-06-19,2026-06-20,2026-06-23,2026-06-22,Qazvin DC,Isfahan,Navid Express,Light Truck,553.6,2849.2,8179000.0,False,False,5000,False,False,False,On Time
SHP-00868,2026-06-01,2026-06-02,2026-06-04,2026-06-04,Tabriz DC,Urmia,Pars Freight,Light Truck,162.3,2451.2,3775000.0,False,False,5000,False,False,False,On Time
SHP-00375,2026-06-10,2026-06-12,2026-06-15,2026-06-15,Tehran Central,Isfahan,Rahbar Logistics,Heavy Truck,456.7,6670.2,10906000.0,False,False,16000,False,False,False,On Time
SHP-01197,2026-05-10,2026-05-11,2026-05-14,2026-05-14,Karaj Hub,Rasht,Pars Freight,Van,304.4,352.4,3171000.0,False,False,1000,False,False,False,On Time
SHP-00032,2026-02-11,2026-02-11,2026-02-14,2026-02-14,Tehran Central,Zanjan,Navid Express,Pickup,331.2,763.5,3869000.0,False,False,1500,False,False,False,On Time
SHP-00552,2026-03-13,2026-03-14,2026-03-17,2026-03-17,Karaj Hub,Qom,Aras Transport,Van,170.4,627.7,2319000.0,False,False,1000,False,False,False,On Time
SHP-00211,2026-02-17,2026-02-17,2026-02-19,2026-02-20,Tehran Central,Arak,Aras Transport,Pickup,281.1,191.6,3035000.0,False,False,1500,False,False,False,Late
SHP-01047,2026-02-13,2026-02-14,2026-02-18,2026-02-18,Tabriz DC,Karaj,Rahbar Logistics,Van,614.7,526.0,5977000.0,False,False,1000,False,False,False,On Time
SHP-00924,2026-01-27,2026-01-28,2026-01-31,2026-01-31,Karaj Hub,Isfahan,Rahbar Logistics,Van,464.7,690.4,4871000.0,False,False,1000,False,False,False,On Time
SHP-00810,2026-06-30,2026-07-01,2026-07-03,2026-07-03,Karaj Hub,Zanjan,Aras Transport,Van,298.2,119.4,3094000.0,False,False,1000,False,False,False,On Time
SHP-00618,2026-02-18,2026-02-19,2026-02-20,2026-02-21,Tehran Central,Karaj,Shahin Cargo,Pickup,53.2,444.5,1182000.0,False,False,1500,False,False,False,Late
SHP-00933,2026-02-16,2026-02-17,2026-02-19,2026-02-19,Tehran Central,Qom,Aras Transport,Heavy Truck,149.6,4763.0,4978000.0,False,False,16000,False,False,False,On Time
SHP-00620,2026-01-26,2026-01-27,2026-01-28,,Qazvin DC,Qazvin,Pars Freight,Van,12.3,589.1,893000.0,False,False,1000,False,False,False,Missing Delivery Record
SHP-00189,2026-02-13,2026-02-14,2026-02-18,2026-02-17,Karaj Hub,Mashhad,Navid Express,Pickup,913.5,1275.8,9865000.0,False,False,1500,False,False,False,On Time
SHP-00711,2026-05-03,2026-05-04,2026-05-08,2026-05-08,Karaj Hub,Urmia,Rahbar Logistics,Light Truck,722.2,2586.2,10726000.0,False,False,5000,False,False,False,On Time
SHP-00937,2026-01-29,2026-01-30,2026-02-01,2026-02-01,Karaj Hub,Rasht,Aras Transport,Light Truck,263.6,2567.7,5138000.0,False,False,5000,False,False,False,On Time
SHP-01169,2026-06-30,2026-07-01,2026-07-05,2026-07-05,Tehran Central,Rasht,Shahin Cargo,Heavy Truck,343.3,10438.7,9610000.0,False,False,16000,False,False,False,On Time
SHP-01220,2026-03-21,2026-03-21,2026-03-23,2026-03-23,Qazvin DC,Tehran,Aras Transport,Pickup,149.3,1350.1,2330000.0,False,False,1500,False,False,False,On Time
SHP-01098,2026-05-17,2026-05-18,2026-05-19,2026-05-21,Karaj Hub,Tehran,Shahin Cargo,Light Truck,58.3,641.8,1584000.0,False,False,5000,False,False,False,Late
SHP-00902,2026-01-08,2026-01-09,2026-01-13,2026-01-13,Karaj Hub,Mashhad,Navid Express,Pickup,949.3,316.6,9979000.0,False,False,1500,False,False,False,On Time
SHP-00084,2026-05-31,2026-06-01,2026-06-02,2026-06-03,Tabriz DC,Tabriz,Pars Freight,Van,23.5,310.6,775000.0,False,False,1000,False,False,False,Late
SHP-00702,2026-04-22,2026-04-23,2026-04-26,2026-04-26,Tehran Central,Hamedan,Aras Transport,Light Truck,311.0,1091.0,4940000.0,False,False,5000,False,False,False,On Time
SHP-00049,2026-05-03,2026-05-05,2026-05-06,,Karaj Hub,Karaj,Aras Transport,Van,23.3,275.9,688000.0,False,False,1000,False,False,False,Missing Delivery Record
SHP-01284,2026-05-25,2026-05-26,2026-05-28,2026-05-28,Karaj Hub,Qazvin,Aras Transport,Heavy Truck,132.1,3832.1,4381000.0,False,False,16000,False,False,False,On Time
SHP-00156,2026-04-30,2026-05-02,2026-05-05,2026-05-05,Tehran Central,Zanjan,Aras Transport,Light Truck,322.5,618.9,5620000.0,False,False,5000,False,False,False,On Time
SHP-01152,2026-04-02,2026-04-03,2026-04-04,2026-04-04,Tehran Central,Karaj,Navid Express,Pickup,58.4,751.1,1423000.0,False,False,1500,False,False,False,On Time
SHP-01142,2026-03-03,2026-03-05,2026-03-08,2026-03-08,Tehran Central,Zanjan,Rahbar Logistics,Van,316.7,354.6,2680000.0,False,False,1000,False,False,False,On Time
SHP-00975,2026-01-27,2026-01-27,2026-01-28,2026-01-28,Tehran Central,Tehran,Rahbar Logistics,Pickup,24.8,817.2,1089000.0,False,False,1500,False,False,False,On Time
SHP-01058,2026-05-20,2026-05-21,2026-05-24,2026-05-24,Tehran Central,Zanjan,Pars Freight,Van,331.7,661.0,3749000.0,False,False,1000,False,False,False,On Time
SHP-00808,2026-01-21,2026-01-23,2026-01-25,2026-01-26,Tehran Central,Arak,Shahin Cargo,Van,286.8,752.2,3256000.0,False,False,1000,False,False,False,Late
SHP-01230,2026-02-22,2026-02-22,2026-02-26,2026-02-26,Tabriz DC,Mashhad,Pars Freight,Light Truck,1597.5,1200.1,22014000.0,False,False,5000,False,False,False,On Time
SHP-01437,2026-03-19,2026-03-21,2026-03-22,2026-03-22,Tehran Central,Karaj,Navid Express,Heavy Truck,53.3,4994.1,3801000.0,False,False,16000,False,False,False,On Time
SHP-00180,2026-04-01,2026-04-03,2026-04-06,2026-04-06,Qazvin DC,Tabriz,Rahbar Logistics,Heavy Truck,467.5,12837.3,12908000.0,False,False,16000,False,False,False,On Time
SHP-01356,2026-03-31,2026-04-01,2026-04-03,2026-04-04,Tehran Central,Qom,Rahbar Logistics,Light Truck,168.6,2454.8,3468000.0,False,False,5000,False,False,False,Late
SHP-01247,2026-06-05,2026-06-06,2026-06-10,2026-06-09,Tehran Central,Urmia,Aras Transport,Heavy Truck,798.9,13358.8,18959000.0,False,False,16000,False,False,False,On Time
SHP-01041,2026-05-08,2026-05-09,2026-05-13,2026-05-13,Karaj Hub,Tabriz,Aras Transport,Van,607.5,112.1,5859000.0,False,False,1000,False,False,False,On Time
SHP-00950,2026-02-20,2026-02-21,2026-02-24,2026-02-26,Tehran Central,Zanjan,Rahbar Logistics,Heavy Truck,345.2,6084.3,9111000.0,False,False,16000,False,False,False,Late
SHP-00817,2026-01-08,2026-01-09,2026-01-12,2026-01-12,Karaj Hub,Tabriz,Rahbar Logistics,Van,587.3,142.4,5634000.0,False,False,1000,False,False,False,On Time
SHP-00364,2026-06-11,2026-06-12,2026-06-16,2026-06-18,Qazvin DC,Mashhad,Shahin Cargo,Light Truck,1073.8,2023.2,14820000.0,False,False,5000,False,False,False,Late
SHP-01178,2026-02-04,2026-02-04,2026-02-08,2026-02-09,Qazvin DC,Mashhad,Shahin Cargo,Pickup,975.1,311.5,10298000.0,False,False,1500,False,False,False,Late
SHP-01199,2026-05-26,2026-05-26,2026-05-31,2026-06-01,Tabriz DC,Arak,Navid Express,Light Truck,623.8,3045.2,7492000.0,False,False,5000,False,False,False,Late
SHP-00347,2026-06-29,2026-06-30,2026-07-03,2026-07-05,Qazvin DC,Qom,Pars Freight,Light Truck,306.5,2446.7,5217000.0,False,False,5000,False,False,False,Late
SHP-01011,2026-02-18,2026-02-19,2026-02-21,2026-02-21,Tabriz DC,Urmia,Rahbar Logistics,Pickup,153.1,798.2,2452000.0,False,False,1500,False,False,False,On Time
SHP-00615,2026-05-05,2026-05-06,2026-05-09,2026-05-09,Tehran Central,Isfahan,Rahbar Logistics,Light Truck,445.1,1594.9,6818000.0,False,False,5000,False,False,False,On Time
SHP-00966,2026-04-17,2026-04-17,2026-04-19,2026-04-19,Tehran Central,Hamedan,Navid Express,Light Truck,279.1,721.9,4254000.0,False,False,5000,False,False,False,On Time
SHP-01274,2026-05-03,2026-05-04,2026-05-07,2026-05-08,Tehran Central,Rasht,Aras Transport,Light Truck,337.5,1397.9,6073000.0,False,False,5000,False,False,False,Late
SHP-00590,2026-06-02,2026-06-04,2026-06-07,2026-06-09,Tehran Central,Rasht,Pars Freight,Light Truck,309.5,3517.6,6424000.0,False,False,5000,False,False,False,Late
SHP-01289,2026-01-19,2026-01-20,2026-01-23,2026-01-23,Tehran Central,Hamedan,Pars Freight,Heavy Truck,311.5,11693.9,9960000.0,False,False,16000,False,False,False,On Time
SHP-00632,2026-03-01,2026-03-01,2026-03-02,2026-03-02,Tehran Central,Karaj,Aras Transport,Van,48.1,669.9,1251000.0,False,False,1000,False,False,False,On Time
SHP-00244,2026-04-28,2026-04-29,2026-05-01,2026-05-01,Karaj Hub,Qazvin,Aras Transport,Van,121.4,524.0,1664000.0,False,False,1000,False,False,False,On Time
SHP-01375,2026-06-10,2026-06-11,2026-06-13,2026-06-14,Tehran Central,Qom,Aras Transport,Pickup,146.4,978.8,2483000.0,False,False,1500,False,False,False,Late
SHP-01452,2026-01-08,2026-01-10,2026-01-14,2026-01-14,Tabriz DC,Arak,Navid Express,Van,634.9,889.6,6206000.0,False,False,1000,False,False,False,On Time
SHP-00765,2026-03-07,2026-03-08,2026-03-11,2026-03-11,Tabriz DC,Qazvin,Aras Transport,Van,457.3,599.1,4288000.0,False,False,1000,False,False,False,On Time
SHP-00988,2026-02-27,2026-02-27,2026-03-01,2026-03-01,Tabriz DC,Zanjan,Shahin Cargo,Pickup,297.0,160.9,3724000.0,False,False,1500,False,False,False,On Time
SHP-00412,2026-02-11,2026-02-13,2026-02-17,2026-02-17,Tabriz DC,Hamedan,Aras Transport,Pickup,510.0,687.4,4870000.0,False,False,1500,False,False,False,On Time
SHP-01421,2026-06-21,2026-06-22,2026-06-25,2026-06-25,Qazvin DC,Tabriz,Rahbar Logistics,Light Truck,471.8,3661.8,7048000.0,False,False,5000,False,False,False,On Time
SHP-01226,2026-06-25,2026-06-25,2026-06-28,2026-06-28,Karaj Hub,Arak,Rahbar Logistics,Light Truck,307.5,3700.6,6003000.0,False,False,5000,False,False,False,On Time
SHP-00309,2026-02-27,2026-02-26,2026-03-03,2026-03-03,Tabriz DC,Zanjan,Shahin Cargo,Light Truck,314.4,2346.2,6123000.0,True,False,5000,False,False,True,Invalid Date
SHP-00882,2026-06-04,2026-06-05,2026-06-08,2026-06-10,Tehran Central,Isfahan,Pars Freight,Light Truck,462.5,4259.5,8003000.0,False,False,5000,False,False,False,Late
SHP-00399,2026-02-20,2026-02-21,2026-02-23,2026-02-22,Tabriz DC,Zanjan,Rahbar Logistics,Light Truck,261.0,2383.4,4582000.0,False,False,5000,False,False,False,On Time
SHP-00371,2026-03-02,2026-03-03,2026-03-07,2026-03-07,Tabriz DC,Isfahan,Shahin Cargo,Pickup,881.9,1130.2,9159000.0,False,False,1500,False,False,False,On Time
SHP-00055,2026-04-01,2026-04-02,2026-04-04,2026-04-05,Karaj Hub,Rasht,Pars Freight,Van,281.1,722.8,3359000.0,False,False,1000,False,False,False,Late
SHP-01339,2026-05-21,2026-05-22,2026-05-26,2026-05-26,Qazvin DC,Mashhad,Rahbar Logistics,Heavy Truck,988.4,9747.7,19161000.0,False,False,16000,False,False,False,On Time
SHP-01183,2026-05-06,2026-05-07,2026-05-11,2026-05-11,Tabriz DC,Qom,Shahin Cargo,Light Truck,663.9,2807.4,9648000.0,False,False,5000,False,False,False,On Time
SHP-00313,2026-01-22,2026-01-23,2026-01-27,2026-01-27,Tabriz DC,Mashhad,Rahbar Logistics,Pickup,1480.4,556.7,14145000.0,False,False,1500,False,False,False,On Time
SHP-00922,2026-04-14,2026-04-15,2026-04-19,2026-04-19,Tehran Central,Urmia,Aras Transport,Light Truck,763.8,840.2,10721000.0,False,False,5000,False,False,False,On Time
SHP-00110,2026-05-08,2026-05-09,2026-05-12,2026-05-12,Tehran Central,Rasht,Rahbar Logistics,Pickup,317.7,963.2,4067000.0,False,False,1500,False,False,False,On Time
SHP-00719,2026-02-12,2026-02-12,2026-02-14,2026-02-15,Qazvin DC,Hamedan,Shahin Cargo,Heavy Truck,269.9,5572.0,8401000.0,False,False,16000,False,False,False,Late
SHP-00692,2026-05-24,2026-05-25,2026-05-28,,Tehran Central,Qom,Shahin Cargo,Pickup,147.3,260.8,2009000.0,False,False,1500,False,False,False,Missing Delivery Record
SHP-00101,2026-05-31,2026-06-01,2026-06-04,2026-06-05,Karaj Hub,Tabriz,Rahbar Logistics,Light Truck,546.9,2294.5,7309000.0,False,False,5000,False,False,False,Late
SHP-01126,2026-06-02,2026-06-03,2026-06-06,2026-06-07,Karaj Hub,Hamedan,Navid Express,Light Truck,310.8,1846.8,5165000.0,False,False,5000,False,False,False,Late
SHP-00670,2026-01-24,2026-01-25,2026-01-28,2026-01-28,Tehran Central,Qom,Rahbar Logistics,Light Truck,132.1,1942.4,3408000.0,False,False,5000,False,False,False,On Time
SHP-01376,2026-06-23,2026-06-23,2026-06-26,2026-06-26,Karaj Hub,Arak,Pars Freight,Light Truck,332.7,3329.5,6586000.0,False,False,5000,False,False,False,On Time
SHP-00267,2026-03-22,2026-03-23,2026-03-25,2026-03-26,Karaj Hub,Qom,Aras Transport,Van,182.9,435.6,2326000.0,False,False,1000,False,False,False,Late
SHP-00679,2026-04-05,2026-04-07,2026-04-09,2026-04-09,Qazvin DC,Karaj,Rahbar Logistics,Heavy Truck,134.1,8862.0,5969000.0,False,False,16000,False,False,False,On Time
SHP-00297,2026-06-03,2026-06-04,2026-06-07,2026-06-09,Tabriz DC,Rasht,Shahin Cargo,Van,493.6,120.9,4696000.0,False,False,1000,False,False,False,Late
SHP-00530,2026-06-16,2026-06-17,2026-06-19,2026-06-20,Karaj Hub,Zanjan,Shahin Cargo,Pickup,291.7,368.3,3243000.0,False,False,1500,False,False,False,Late
SHP-00945,2026-01-24,2026-01-25,2026-01-29,2026-01-29,Karaj Hub,Urmia,Shahin Cargo,Heavy Truck,739.5,2939.4,16431000.0,False,False,16000,False,False,False,On Time
SHP-01014,2026-02-26,2026-02-27,2026-03-02,2026-02-26,Karaj Hub,Qazvin,Navid Express,Van,122.1,490.5,1747000.0,True,False,1000,False,False,True,Invalid Date
SHP-00951,2026-01-17,2026-01-18,2026-01-20,2026-01-20,Tehran Central,Arak,Aras Transport,Light Truck,272.5,732.7,4852000.0,False,False,5000,False,False,False,On Time
SHP-00378,2026-05-16,2026-05-16,2026-05-17,2026-05-17,Karaj Hub,Tehran,Aras Transport,Light Truck,57.4,3803.1,2748000.0,False,False,5000,False,False,False,On Time
SHP-00287,2026-01-30,2026-01-31,2026-02-04,2026-02-04,Tabriz DC,Tehran,Navid Express,Light Truck,609.7,603.4,8758000.0,False,False,5000,False,False,False,On Time
SHP-01439,2026-02-27,2026-02-28,2026-03-04,2026-03-05,Tehran Central,Arak,Shahin Cargo,Van,310.6,810.1,3054000.0,False,False,1000,False,False,False,Late
SHP-00731,2026-05-12,2026-05-13,2026-05-16,,Tabriz DC,Zanjan,Rahbar Logistics,Light Truck,316.2,979.8,5518000.0,False,False,5000,False,False,False,Missing Delivery Record
SHP-00127,2026-01-15,2026-01-16,2026-01-20,2026-01-22,Tabriz DC,Tehran,Rahbar Logistics,Light Truck,631.5,1692.5,8477000.0,False,False,5000,False,False,False,Late
SHP-00328,2026-01-07,2026-01-08,2026-01-11,2026-01-11,Tehran Central,Zanjan,Navid Express,Van,300.5,898.0,2621000.0,False,False,1000,False,False,False,On Time
SHP-00293,2026-06-22,2026-06-23,2026-06-25,2026-06-27,Tehran Central,Qom,Pars Freight,Pickup,150.9,694.3,2100000.0,False,False,1500,False,False,False,Late
SHP-00549,2026-04-04,2026-04-05,2026-04-09,2026-04-09,Tabriz DC,Mashhad,Aras Transport,Pickup,1411.3,856.3,15175000.0,False,False,1500,False,False,False,On Time
SHP-00728,2026-01-16,2026-01-17,2026-01-20,2026-01-20,Tehran Central,Arak,Aras Transport,Van,308.5,535.2,3081000.0,False,False,1000,False,False,False,On Time
SHP-00909,2026-03-09,2026-03-10,2026-03-14,2026-03-15,Tehran Central,Urmia,Rahbar Logistics,Light Truck,732.2,3498.3,11768000.0,False,False,5000,False,False,False,Late
SHP-00356,2026-06-29,2026-06-29,2026-06-30,2026-06-30,Tehran Central,Karaj,Shahin Cargo,Pickup,57.1,590.3,1312000.0,False,False,1500,False,False,False,On Time
SHP-00171,2026-01-20,2026-01-21,2026-01-25,2026-01-26,Tabriz DC,Qazvin,Rahbar Logistics,Light Truck,465.4,3344.4,8149000.0,False,False,5000,False,False,False,Late
SHP-00967,2026-04-19,2026-04-20,2026-04-21,2026-04-22,Qazvin DC,Qazvin,Navid Express,Pickup,22.3,1358.7,1240000.0,False,False,1500,False,False,False,Late
SHP-01134,2026-05-19,2026-05-20,2026-05-25,,Karaj Hub,Urmia,Aras Transport,Light Truck,738.7,547.7,10924000.0,False,False,5000,False,False,False,Missing Delivery Record
SHP-00652,2026-04-29,2026-05-01,2026-05-05,2026-05-05,Tabriz DC,Arak,Rahbar Logistics,Van,658.4,254.0,6622000.0,False,False,1000,False,False,False,On Time
SHP-00210,2026-05-21,2026-05-22,2026-05-25,2026-05-25,Karaj Hub,Isfahan,Aras Transport,Light Truck,461.0,4479.7,9029000.0,False,False,5000,False,False,False,On Time
SHP-01398,2026-04-29,2026-04-30,2026-05-04,2026-05-04,Qazvin DC,Mashhad,Aras Transport,Heavy Truck,1012.4,12319.4,22881000.0,False,False,16000,False,False,False,On Time
SHP-00141,2026-06-27,2026-06-29,2026-07-01,2026-07-02,Qazvin DC,Tehran,Rahbar Logistics,Van,155.1,106.2,1800000.0,False,False,1000,False,False,False,Late
SHP-01084,2026-04-11,2026-04-12,2026-04-14,2026-04-14,Karaj Hub,Qazvin,Shahin Cargo,Pickup,131.0,1000.9,2012000.0,False,False,1500,False,False,False,On Time
SHP-00991,2026-03-04,2026-03-05,2026-03-08,2026-03-08,Tehran Central,Isfahan,Pars Freight,Light Truck,424.0,3902.2,7755000.0,False,False,5000,False,False,False,On Time
SHP-00651,2026-03-30,2026-03-31,2026-04-02,2026-04-02,Tehran Central,Qom,Navid Express,Van,151.2,881.1,1991000.0,False,False,1000,False,False,False,On Time
SHP-01189,2026-04-13,2026-04-14,2026-04-18,2026-04-18,Tehran Central,Urmia,Unknown,Light Truck,728.7,4086.4,10845000.0,False,False,5000,False,False,False,On Time
SHP-00894,2026-06-27,2026-06-29,2026-07-02,2026-07-02,Tehran Central,Rasht,Pars Freight,Pickup,314.7,629.7,3361000.0,False,False,1500,False,False,False,On Time
SHP-00486,2026-02-12,2026-02-13,2026-02-16,2026-02-16,Tehran Central,Zanjan,Pars Freight,Light Truck,323.2,2951.4,5071000.0,False,False,5000,False,False,False,On Time
SHP-00528,2026-01-27,2026-01-28,2026-01-31,2026-01-31,Tehran Central,Arak,Rahbar Logistics,Light Truck,289.1,1369.3,4551000.0,False,False,5000,False,False,False,On Time
SHP-00200,2026-06-24,2026-06-26,2026-06-29,2026-06-29,Tabriz DC,Rasht,Rahbar Logistics,Heavy Truck,504.9,7608.5,13784000.0,False,False,16000,False,False,False,On Time
SHP-00890,2026-02-19,2026-02-20,2026-02-23,2026-02-24,Karaj Hub,Isfahan,Pars Freight,Van,457.1,228.0,4174000.0,False,False,1000,False,False,False,Late
SHP-00845,2026-01-01,2026-01-02,2026-01-04,2026-01-06,Qazvin DC,Zanjan,Pars Freight,Light Truck,185.3,3443.3,4551000.0,False,False,5000,False,False,False,Late
SHP-01069,2026-03-02,2026-03-03,2026-03-06,,Tabriz DC,Karaj,Aras Transport,Light Truck,555.2,2757.1,8386000.0,False,False,5000,False,False,False,Missing Delivery Record
SHP-01206,2026-06-13,2026-06-14,2026-06-17,2026-06-17,Tehran Central,Hamedan,Rahbar Logistics,Pickup,312.5,665.8,4339000.0,False,False,1500,False,False,False,On Time
SHP-01055,2026-01-14,2026-01-15,2026-01-17,2026-01-19,Tehran Central,Qazvin,Rahbar Logistics,Van,159.5,664.3,2070000.0,False,False,1000,False,False,False,Late
SHP-00011,2026-04-06,2026-04-08,2026-04-11,2026-04-11,Karaj Hub,Hamedan,Unknown,Pickup,308.1,466.5,3417000.0,False,False,1500,False,False,False,On Time
SHP-00148,2026-02-12,2026-02-12,2026-02-15,2026-02-16,Qazvin DC,Isfahan,Pars Freight,Light Truck,562.1,4233.6,8519000.0,False,False,5000,False,False,False,Late
SHP-00722,2026-06-18,2026-06-18,2026-06-21,2026-06-22,Tehran Central,Zanjan,Shahin Cargo,Van,320.1,598.5,3546000.0,False,False,1000,False,False,False,Late
SHP-00283,2026-05-02,2026-05-03,2026-05-07,2026-05-07,Qazvin DC,Mashhad,Navid Express,Light Truck,1032.8,874.6,14898000.0,False,False,5000,False,False,False,On Time
SHP-00299,2026-02-21,2026-02-22,2026-02-26,2026-02-26,Qazvin DC,Urmia,Rahbar Logistics,Van,605.8,275.5,5590000.0,False,False,1000,False,False,False,On Time
SHP-00614,2026-03-11,2026-03-11,2026-03-14,2026-03-15,Karaj Hub,Rasht,Pars Freight,Light Truck,332.3,601.0,5057000.0,False,False,5000,False,False,False,Late
SHP-00292,2026-02-18,2026-02-19,2026-02-21,2026-02-21,Qazvin DC,Tehran,Aras Transport,Light Truck,148.8,1083.3,2668000.0,False,False,5000,False,False,False,On Time
SHP-00650,2026-06-03,2026-06-03,2026-06-07,2026-06-06,Qazvin DC,Arak,Rahbar Logistics,Van,346.4,168.6,3838000.0,False,False,1000,False,False,False,On Time
SHP-00599,2026-04-24,2026-04-25,2026-04-27,2026-04-27,Qazvin DC,Hamedan,Aras Transport,Light Truck,286.6,2670.8,5072000.0,False,False,5000,False,False,False,On Time
SHP-01044,2026-03-09,2026-03-10,2026-03-14,2026-03-14,Tehran Central,Urmia,Rahbar Logistics,Van,775.5,493.1,6630000.0,False,False,1000,False,False,False,On Time
SHP-00553,2026-05-30,2026-05-30,2026-06-03,2026-06-03,Tehran Central,Mashhad,Shahin Cargo,Light Truck,885.5,3159.0,13214000.0,False,False,5000,False,False,False,On Time
SHP-01299,2026-04-07,2026-04-09,2026-04-11,2026-04-11,Karaj Hub,Qom,Pars Freight,Van,193.8,87.0,2087000.0,False,False,1000,False,False,False,On Time
SHP-00130,2026-04-25,2026-04-27,2026-04-30,2026-05-01,Tehran Central,Isfahan,Pars Freight,Pickup,436.5,1298.6,5317000.0,False,False,1500,False,False,False,Late
SHP-01062,2026-05-05,2026-05-06,2026-05-09,2026-05-09,Karaj Hub,Rasht,Rahbar Logistics,Van,301.2,784.4,3347000.0,False,False,1000,False,False,False,On Time
SHP-00332,2026-03-09,2026-03-10,2026-03-12,2026-03-12,Karaj Hub,Rasht,Pars Freight,Pickup,299.2,195.2,3002000.0,False,False,1500,False,False,False,On Time
SHP-00324,2026-06-15,2026-06-16,2026-06-20,2026-06-20,Karaj Hub,Tabriz,Pars Freight,Pickup,634.5,996.4,8393000.0,False,False,1500,False,False,False,On Time
SHP-00681,2026-05-11,2026-05-12,2026-05-16,2026-05-16,Tabriz DC,Isfahan,Pars Freight,Light Truck,995.3,3763.4,13747000.0,False,False,5000,False,False,False,On Time
SHP-00479,2026-05-01,2026-05-02,2026-05-04,2026-05-04,Karaj Hub,Zanjan,Aras Transport,Pickup,250.7,800.7,3674000.0,False,False,1500,False,False,False,On Time
SHP-00562,2026-01-08,2026-01-10,2026-01-13,2026-01-13,Tehran Central,Zanjan,Pars Freight,Van,314.0,609.7,3228000.0,False,False,1000,False,False,False,On Time
SHP-00136,2026-02-25,2026-02-25,2026-02-27,,Tabriz DC,Urmia,Shahin Cargo,Pickup,136.4,1183.2,2031000.0,False,False,1500,False,False,False,Missing Delivery Record
SHP-00507,2026-04-07,2026-04-08,2026-04-09,2026-04-09,Tehran Central,Karaj,Unknown,Light Truck,53.0,3244.3,2513000.0,False,False,5000,False,False,False,On Time
SHP-00514,2026-05-28,2026-05-28,2026-05-30,2026-05-30,Qazvin DC,Hamedan,Aras Transport,Heavy Truck,249.5,8087.2,7928000.0,False,False,16000,False,False,False,On Time
SHP-01372,2026-03-04,2026-03-05,2026-03-09,2026-03-08,Tabriz DC,Karaj,Navid Express,Heavy Truck,618.0,11230.8,15964000.0,False,False,16000,False,False,False,On Time
SHP-00436,2026-01-23,2026-01-24,2026-01-28,2026-01-29,Karaj Hub,Urmia,Rahbar Logistics,Pickup,678.0,371.8,7387000.0,False,False,1500,False,False,False,Late
SHP-00874,2026-01-23,2026-01-25,2026-01-29,2026-01-29,Karaj Hub,Urmia,Aras Transport,Pickup,733.1,1385.2,9072000.0,False,False,1500,False,False,False,On Time
SHP-01463,2026-01-09,2026-01-11,2026-01-14,2026-01-15,Karaj Hub,Hamedan,Aras Transport,Van,304.7,101.8,3196000.0,False,False,1000,False,False,False,Late
SHP-00753,2026-01-16,2026-01-18,2026-01-22,2026-01-22,Karaj Hub,Tabriz,Aras Transport,Van,579.6,514.0,6151000.0,False,False,1000,False,False,False,On Time
SHP-00666,2026-05-06,2026-05-07,2026-05-10,2026-05-10,Karaj Hub,Zanjan,Aras Transport,Pickup,313.5,1159.2,4269000.0,False,False,1500,False,False,False,On Time
SHP-00159,2026-04-02,2026-04-03,2026-04-07,2026-04-07,Tehran Central,Tabriz,Rahbar Logistics,Light Truck,632.0,973.2,7674000.0,False,False,5000,False,False,False,On Time
SHP-01254,2026-05-24,2026-05-25,2026-05-28,2026-05-28,Qazvin DC,Rasht,Shahin Cargo,Van,179.6,712.2,2140000.0,False,False,1000,False,False,False,On Time
SHP-01293,2026-03-22,2026-03-23,2026-03-27,2026-03-27,Tehran Central,Tabriz,Navid Express,Van,652.5,86.4,5847000.0,False,False,1000,False,False,False,On Time
SHP-00576,2026-03-09,2026-03-10,2026-03-11,2026-03-11,Karaj Hub,Tehran,Navid Express,Pickup,58.1,404.1,976000.0,False,False,1500,False,False,False,On Time
SHP-00353,2026-02-24,2026-02-25,2026-02-28,2026-02-28,Tabriz DC,Karaj,Pars Freight,Heavy Truck,574.5,4531.6,14573000.0,False,False,16000,False,False,False,On Time
SHP-01296,2026-04-04,2026-04-04,2026-04-08,2026-04-08,Tehran Central,Urmia,Aras Transport,Light Truck,715.6,1051.1,10420000.0,False,False,5000,False,False,False,On Time
SHP-01393,2026-06-28,2026-06-28,2026-07-01,2026-07-01,Tehran Central,Rasht,Aras Transport,Light Truck,305.4,1698.0,5122000.0,False,False,5000,False,False,False,On Time
SHP-01301,2026-05-18,2026-05-19,2026-05-20,,Tabriz DC,Tabriz,Navid Express,Light Truck,26.5,2168.2,2146000.0,False,False,5000,False,False,False,Missing Delivery Record
SHP-00592,2026-06-13,2026-06-14,2026-06-16,2026-06-16,Tehran Central,Tehran,Aras Transport,Light Truck,27.4,1210.2,1555000.0,False,False,5000,False,False,False,On Time
SHP-00665,2026-04-19,2026-04-20,2026-04-21,2026-04-22,Karaj Hub,Karaj,Shahin Cargo,Heavy Truck,13.4,5628.6,2700000.0,False,False,16000,False,False,False,Late
SHP-00196,2026-01-16,2026-01-17,2026-01-20,2026-01-20,Tehran Central,Rasht,Navid Express,Pickup,332.5,909.2,4413000.0,False,False,1500,False,False,False,On Time
SHP-01241,2026-04-02,2026-04-03,2026-04-07,,Tehran Central,Mashhad,Navid Express,Heavy Truck,865.2,4531.1,17094000.0,False,False,16000,False,False,False,Missing Delivery Record
SHP-01049,2026-05-01,2026-05-02,2026-05-04,2026-05-06,Tehran Central,Qom,Shahin Cargo,Pickup,140.6,969.4,2250000.0,False,False,1500,False,False,False,Late
SHP-00439,2026-01-15,2026-01-16,2026-01-19,2026-01-18,Tabriz DC,Karaj,Pars Freight,Van,587.6,795.5,6217000.0,False,False,1000,False,False,False,On Time
SHP-01436,2026-01-19,2026-01-19,2026-01-20,2026-01-20,Karaj Hub,Karaj,Aras Transport,Heavy Truck,13.3,14443.0,5388000.0,False,False,16000,False,False,False,On Time
SHP-00644,2026-03-29,2026-03-30,2026-04-03,2026-04-04,Tabriz DC,Isfahan,Navid Express,Van,776.2,856.4,8598000.0,False,False,1000,False,False,False,Late
SHP-00097,2026-02-13,2026-02-14,2026-02-18,2026-02-18,Karaj Hub,Tabriz,Pars Freight,Light Truck,644.9,3643.7,11398000.0,False,False,5000,False,False,False,On Time
SHP-00585,2026-03-15,2026-03-16,2026-03-19,2026-03-19,Qazvin DC,Arak,Pars Freight,Light Truck,338.7,2843.2,5792000.0,False,False,5000,False,False,False,On Time
SHP-01215,2026-01-14,2026-01-15,2026-01-16,2026-01-17,Qazvin DC,Qazvin,Pars Freight,Van,20.9,746.5,928000.0,False,False,1000,False,False,False,Late
SHP-00157,2026-01-23,2026-01-25,2026-01-27,2026-01-27,Qazvin DC,Hamedan,Aras Transport,Light Truck,256.0,535.5,4170000.0,False,False,5000,False,False,False,On Time
SHP-00420,2026-04-02,2026-04-04,2026-04-07,2026-04-07,Karaj Hub,Rasht,Navid Express,Heavy Truck,317.2,13161.1,8577000.0,False,False,16000,False,False,False,On Time
SHP-00411,2026-02-01,2026-02-02,2026-02-04,2026-02-04,Tehran Central,Qom,Aras Transport,Light Truck,155.0,2067.8,4056000.0,False,False,5000,False,False,False,On Time
SHP-01223,2026-06-24,2026-06-25,2026-06-27,2026-06-27,Tehran Central,Qom,Shahin Cargo,Light Truck,153.6,2599.0,3352000.0,False,False,5000,False,False,False,On Time
SHP-00478,2026-01-04,2026-01-06,2026-01-08,2026-01-08,Karaj Hub,Qom,Navid Express,Light Truck,172.1,2620.6,3780000.0,False,False,5000,False,False,False,On Time
SHP-00515,2026-06-23,2026-06-24,2026-06-27,2026-06-29,Qazvin DC,Tabriz,Shahin Cargo,Light Truck,475.7,3022.5,7803000.0,False,False,5000,False,False,False,Late
SHP-01286,2026-01-09,2026-01-10,2026-01-15,2026-01-15,Tabriz DC,Tehran,Shahin Cargo,Pickup,612.2,1206.0,7164000.0,False,False,1500,False,False,False,On Time
SHP-01454,2026-02-14,2026-02-15,2026-02-17,2026-02-17,Tehran Central,Qazvin,Navid Express,Light Truck,160.9,2791.9,3919000.0,False,False,5000,False,False,False,On Time
SHP-01119,2026-05-11,2026-05-13,2026-05-17,2026-05-18,Tabriz DC,Tehran,Rahbar Logistics,Heavy Truck,624.0,7168.0,12156000.0,False,False,16000,False,False,False,Late
SHP-00448,2026-06-22,2026-06-23,2026-06-25,2026-06-27,Tehran Central,Arak,Shahin Cargo,Light Truck,299.2,2069.2,5347000.0,False,False,5000,False,False,False,Late
SHP-00179,2026-06-13,2026-06-14,2026-06-17,2026-06-18,Qazvin DC,Arak,Rahbar Logistics,Light Truck,352.6,3543.7,5940000.0,False,False,5000,False,False,False,Late
SHP-00391,2026-05-16,2026-05-17,2026-05-19,2026-05-19,Karaj Hub,Arak,Shahin Cargo,Light Truck,287.9,3651.0,5499000.0,False,False,5000,False,False,False,On Time
SHP-01290,2026-04-23,2026-04-23,2026-04-25,2026-04-26,Karaj Hub,Zanjan,Pars Freight,Van,297.2,638.7,3062000.0,False,False,1000,False,False,False,Late
SHP-01308,2026-02-13,2026-02-14,2026-02-17,2026-02-17,Tabriz DC,Hamedan,Aras Transport,Heavy Truck,560.8,6751.6,12373000.0,False,False,16000,False,False,False,On Time
SHP-01367,2026-02-24,2026-02-26,2026-03-01,2026-03-03,Tehran Central,Zanjan,Pars Freight,Light Truck,350.0,3316.1,6304000.0,False,False,5000,False,False,False,Late
SHP-01048,2026-04-19,2026-04-21,2026-04-25,2026-04-25,Tehran Central,Zanjan,Pars Freight,Light Truck,338.7,3800.6,6558000.0,False,False,5000,False,False,False,On Time
SHP-01143,2026-06-18,2026-06-19,2026-06-21,2026-06-21,Tehran Central,Arak,Navid Express,Pickup,271.5,514.7,3172000.0,False,False,1500,False,False,False,On Time
SHP-00635,2026-02-03,2026-02-03,2026-02-07,2026-02-07,Tehran Central,Urmia,Rahbar Logistics,Pickup,712.1,1398.8,6708000.0,False,False,1500,False,False,False,On Time
SHP-00866,2026-05-07,2026-05-07,2026-05-08,2026-05-08,Qazvin DC,Qazvin,Aras Transport,Light Truck,13.1,3694.1,2135000.0,False,False,5000,False,False,False,On Time
SHP-00788,2026-05-05,2026-05-06,2026-05-10,2026-05-10,Qazvin DC,Mashhad,Rahbar Logistics,Pickup,1039.6,180.4,9664000.0,False,False,1500,False,False,False,On Time
SHP-00745,2026-05-24,2026-05-24,2026-05-28,2026-05-28,Karaj Hub,Urmia,Aras Transport,Van,695.8,828.9,7712000.0,False,False,1000,False,False,False,On Time
SHP-00860,2026-05-25,2026-05-26,2026-05-29,2026-05-29,Qazvin DC,Qom,Rahbar Logistics,Light Truck,304.6,4196.6,6559000.0,False,False,5000,False,False,False,On Time
SHP-00545,2026-05-31,2026-05-31,2026-06-03,2026-06-03,Karaj Hub,Zanjan,Navid Express,Pickup,314.3,841.1,3752000.0,False,False,1500,False,False,False,On Time
SHP-01363,2026-03-05,2026-03-06,2026-03-08,2026-03-09,Karaj Hub,Zanjan,Shahin Cargo,Pickup,296.5,161.6,3441000.0,False,False,1500,False,False,False,Late
SHP-00089,2026-05-19,2026-05-20,2026-05-23,2026-05-24,Tabriz DC,Qazvin,Pars Freight,Heavy Truck,471.7,5222.9,10645000.0,False,False,16000,False,False,False,Late
SHP-01032,2026-02-01,2026-02-02,2026-02-05,2026-02-05,Qazvin DC,Qom,Aras Transport,Heavy Truck,287.7,6918.1,8953000.0,False,False,16000,False,False,False,On Time
SHP-01380,2026-04-08,2026-04-08,2026-04-12,2026-04-12,Tehran Central,Mashhad,Rahbar Logistics,Light Truck,911.1,796.1,12285000.0,False,False,5000,False,False,False,On Time
SHP-00577,2026-06-17,2026-06-18,2026-06-22,2026-06-25,Qazvin DC,Mashhad,Pars Freight,Light Truck,981.8,2917.2,14020000.0,False,False,5000,False,False,False,Late
SHP-00907,2026-03-16,2026-03-17,2026-03-19,2026-03-19,Tehran Central,Qom,Navid Express,Van,154.6,575.3,2059000.0,False,False,1000,False,False,False,On Time
SHP-01388,2026-02-28,2026-03-01,2026-03-03,2026-03-03,Tehran Central,Arak,Navid Express,Heavy Truck,273.1,5616.7,8171000.0,False,False,16000,False,False,False,On Time
SHP-01092,2026-03-23,2026-03-24,2026-03-26,2026-03-26,Karaj Hub,Qazvin,Rahbar Logistics,Light Truck,130.8,3324.5,3204000.0,False,False,5000,False,False,False,On Time
SHP-00944,2026-03-27,2026-03-27,2026-03-29,2026-03-29,Qazvin DC,Rasht,Pars Freight,Light Truck,170.9,983.3,3043000.0,False,False,5000,False,False,False,On Time
SHP-00291,2026-05-27,2026-05-29,2026-06-02,2026-06-02,Tehran Central,Isfahan,Pars Freight,Heavy Truck,473.6,6445.8,10931000.0,False,False,16000,False,False,False,On Time
SHP-01419,2026-06-05,2026-06-07,2026-06-10,2026-06-10,Tabriz DC,Karaj,Pars Freight,Light Truck,567.8,2392.5,8684000.0,False,False,5000,False,False,False,On Time
SHP-01019,2026-01-08,2026-01-09,2026-01-13,2026-01-14,Tabriz DC,Tehran,Aras Transport,Heavy Truck,648.9,2507.1,12468000.0,False,False,16000,False,False,False,Late
SHP-00349,2026-02-02,2026-02-03,2026-02-05,2026-02-05,Qazvin DC,Rasht,Aras Transport,Van,151.9,543.6,2074000.0,False,False,1000,False,False,False,On Time
SHP-00568,2026-02-15,2026-02-16,2026-02-20,2026-02-20,Tabriz DC,Karaj,Navid Express,Pickup,606.6,851.3,5516000.0,False,False,1500,False,False,False,On Time
SHP-01413,2026-02-15,2026-02-16,2026-02-19,2026-02-19,Qazvin DC,Isfahan,Navid Express,Light Truck,566.8,3847.0,9635000.0,False,False,5000,False,False,False,On Time
SHP-01059,2026-03-18,2026-03-18,2026-03-23,2026-03-23,Tabriz DC,Qom,Rahbar Logistics,Light Truck,705.6,2689.7,10942000.0,False,False,5000,False,False,False,On Time
SHP-00600,2026-04-27,2026-04-28,2026-05-01,2026-05-01,Qazvin DC,Tabriz,Rahbar Logistics,Light Truck,457.3,2606.4,7289000.0,False,False,5000,False,False,False,On Time
SHP-00459,2026-06-02,2026-06-02,2026-06-07,2026-06-07,Qazvin DC,Mashhad,Navid Express,Light Truck,1104.0,3875.2,15945000.0,False,False,5000,False,False,False,On Time
SHP-00376,2026-01-18,2026-01-20,2026-01-23,2026-01-23,Tehran Central,Zanjan,Aras Transport,Heavy Truck,326.3,11091.7,8472000.0,False,False,16000,False,False,False,On Time
SHP-00334,2026-05-31,2026-06-01,2026-06-05,2026-06-05,Tehran Central,Tabriz,Navid Express,Pickup,607.1,274.8,6581000.0,False,False,1500,False,False,False,On Time
SHP-00757,2026-05-14,2026-05-14,2026-05-17,2026-05-17,Qazvin DC,Hamedan,Rahbar Logistics,Pickup,243.6,378.4,2780000.0,False,False,1500,False,False,False,On Time
SHP-01324,2026-06-10,2026-06-12,2026-06-15,2026-06-14,Tehran Central,Zanjan,Navid Express,Heavy Truck,326.0,6473.9,7036000.0,False,False,16000,False,False,False,On Time
SHP-00712,2026-04-05,2026-04-06,2026-04-10,2026-04-10,Qazvin DC,Arak,Aras Transport,Pickup,355.1,993.2,4705000.0,False,False,1500,False,False,False,On Time
SHP-01390,2026-06-14,2026-06-15,2026-06-18,2026-06-18,Tehran Central,Rasht,Shahin Cargo,Pickup,342.9,371.4,4347000.0,False,False,1500,False,False,False,On Time
SHP-00567,2026-02-11,2026-02-12,2026-02-15,2026-02-15,Karaj Hub,Qom,Pars Freight,Light Truck,189.8,3940.8,4778000.0,False,False,5000,False,False,False,On Time
SHP-00329,2026-01-26,2026-01-26,2026-01-29,2026-01-29,Tabriz DC,Zanjan,Shahin Cargo,Van,314.0,479.8,3564000.0,False,False,1000,False,False,False,On Time
SHP-00319,2026-06-19,2026-06-20,2026-06-22,2026-06-23,Tehran Central,Karaj,Pars Freight,Light Truck,48.3,2948.8,2510000.0,False,False,5000,False,False,False,Late
SHP-01303,2026-05-07,2026-05-08,2026-05-11,2026-05-11,Tehran Central,Rasht,Pars Freight,Heavy Truck,328.3,8451.3,8668000.0,False,False,16000,False,False,False,On Time
SHP-00953,2026-04-22,2026-04-23,2026-04-25,2026-04-27,Karaj Hub,Qom,Pars Freight,Van,202.9,119.8,2264000.0,False,False,1000,False,False,False,Late
SHP-00013,2026-05-14,2026-05-15,2026-05-19,2026-05-20,Karaj Hub,Urmia,Aras Transport,Light Truck,727.4,1355.7,10574000.0,False,False,5000,False,False,False,Late
SHP-00172,2026-01-17,2026-01-18,2026-01-22,2026-01-22,Karaj Hub,Mashhad,Rahbar Logistics,Heavy Truck,942.5,12702.4,21901000.0,False,False,16000,False,False,False,On Time
SHP-00261,2026-05-24,2026-05-25,2026-05-26,2026-05-26,Karaj Hub,Karaj,Navid Express,Van,27.2,745.2,1046000.0,False,False,1000,False,False,False,On Time
SHP-00820,2026-06-30,2026-07-01,2026-07-06,2026-07-07,Tehran Central,Tabriz,Aras Transport,Pickup,609.7,1394.7,6877000.0,False,False,1500,False,False,False,Late
SHP-00090,2026-05-31,2026-06-01,2026-06-03,2026-06-02,Qazvin DC,Zanjan,Rahbar Logistics,Light Truck,190.6,571.2,3903000.0,False,False,5000,False,False,False,On Time
SHP-00797,2026-06-25,2026-06-26,2026-06-29,2026-06-29,Tehran Central,Hamedan,Rahbar Logistics,Van,306.9,788.1,3729000.0,False,False,1000,False,False,False,On Time
SHP-00139,2026-03-04,2026-03-05,2026-03-07,2026-03-07,Tehran Central,Qom,Pars Freight,Light Truck,143.6,1623.9,2725000.0,False,False,5000,False,False,False,On Time
SHP-00550,2026-05-04,2026-05-04,2026-05-08,2026-05-08,Qazvin DC,Mashhad,Pars Freight,Light Truck,1059.0,3953.3,16076000.0,False,False,5000,False,False,False,On Time
SHP-00616,2026-04-26,2026-04-26,2026-04-30,2026-04-30,Tabriz DC,Karaj,Navid Express,Light Truck,607.6,1129.0,9480000.0,False,False,5000,False,False,False,On Time
SHP-00846,2026-01-01,2026-01-02,2026-01-05,2026-01-05,Qazvin DC,Zanjan,Shahin Cargo,Heavy Truck,190.3,3225.5,6061000.0,False,False,16000,False,False,False,On Time
SHP-00778,2026-01-22,2026-01-24,2026-01-28,2026-01-28,Tabriz DC,Karaj,Navid Express,Light Truck,627.7,3302.9,9956000.0,False,False,5000,False,False,False,On Time
SHP-00559,2026-05-24,2026-05-26,2026-05-27,2026-05-27,Tehran Central,Tehran,Rahbar Logistics,Van,23.5,481.8,734000.0,False,False,1000,False,False,False,On Time
SHP-00140,2026-03-21,2026-03-23,2026-03-27,2026-03-28,Tabriz DC,Isfahan,Rahbar Logistics,Pickup,973.3,1371.0,10878000.0,False,False,1500,False,False,False,Late
SHP-01310,2026-06-04,2026-06-05,2026-06-08,2026-06-08,Tehran Central,Rasht,Navid Express,Van,175.8,728.3,2097000.0,False,False,1000,False,False,False,On Time
SHP-01024,2026-06-02,2026-06-03,2026-06-05,2026-06-05,Qazvin DC,Qom,Rahbar Logistics,Light Truck,290.5,3783.1,5632000.0,False,False,5000,False,False,False,On Time
SHP-00225,2026-05-11,2026-05-12,2026-05-13,2026-05-15,Karaj Hub,Karaj,Pars Freight,Light Truck,22.9,3155.8,2567000.0,False,False,5000,False,False,False,Late
SHP-00964,2026-02-09,2026-02-10,2026-02-11,2026-02-11,Qazvin DC,Qazvin,Pars Freight,Light Truck,23.2,2026.2,2149000.0,False,False,5000,False,False,False,On Time
SHP-00410,2026-01-03,2026-01-05,2026-01-09,2026-01-09,Karaj Hub,Mashhad,Rahbar Logistics,Light Truck,984.2,4100.0,14314000.0,False,False,5000,False,False,False,On Time
SHP-00326,2026-02-11,2026-02-12,2026-02-15,2026-02-15,Qazvin DC,Rasht,Rahbar Logistics,Light Truck,176.9,1140.7,3279000.0,False,False,5000,False,False,False,On Time
SHP-00300,2026-01-04,2026-01-05,2026-01-08,2026-01-08,Karaj Hub,Rasht,Rahbar Logistics,Pickup,305.6,714.4,4072000.0,False,False,1500,False,False,False,On Time
SHP-00994,2026-03-20,2026-03-21,2026-03-23,2026-03-23,Tehran Central,Qom,Aras Transport,Van,158.1,253.9,1668000.0,False,False,1000,False,False,False,On Time
SHP-01033,2026-05-13,2026-05-14,2026-05-18,2026-05-18,Tehran Central,Mashhad,Pars Freight,Heavy Truck,957.6,5468.6,19841000.0,False,False,16000,False,False,False,On Time
SHP-00671,2026-06-22,2026-06-24,2026-06-28,2026-06-28,Tehran Central,Tabriz,Navid Express,Van,624.0,330.2,5552000.0,False,False,1000,False,False,False,On Time
SHP-00947,2026-06-26,2026-06-26,2026-06-28,2026-06-29,Qazvin DC,Hamedan,Shahin Cargo,Light Truck,251.7,1266.3,4320000.0,False,False,5000,False,False,False,Late
SHP-01270,2026-01-09,2026-01-10,2026-01-11,2026-01-11,Tehran Central,Tehran,Aras Transport,Pickup,31.7,828.3,1314000.0,False,False,1500,False,False,False,On Time
SHP-00574,2026-01-09,2026-01-10,2026-01-13,2026-01-14,Tehran Central,Zanjan,Shahin Cargo,Van,326.3,108.1,3590000.0,False,False,1000,False,False,False,Late
SHP-00504,2026-06-07,2026-06-08,2026-06-10,2026-06-11,Tehran Central,Arak,Rahbar Logistics,Heavy Truck,262.0,8837.5,8127000.0,False,False,16000,False,False,False,Late
SHP-01038,2026-01-03,2026-01-04,2026-01-07,2026-01-08,Tabriz DC,Zanjan,Aras Transport,Pickup,319.0,1232.5,3757000.0,False,False,1500,False,False,False,Late
SHP-00004,2026-03-21,2026-03-23,2026-03-26,2026-03-26,Karaj Hub,Hamedan,Aras Transport,Van,336.8,203.0,3467000.0,False,False,1000,False,False,False,On Time
SHP-01469,2026-05-21,2026-05-22,2026-05-24,2026-05-24,Tehran Central,Arak,Shahin Cargo,Light Truck,292.3,1885.6,4990000.0,False,False,5000,False,False,False,On Time
SHP-00468,2026-04-18,2026-04-19,2026-04-21,2026-04-22,Qazvin DC,Rasht,Rahbar Logistics,Light Truck,177.1,4264.9,4603000.0,False,False,5000,False,False,False,Late
SHP-00322,2026-01-20,2026-01-21,2026-01-23,2026-01-22,Qazvin DC,Hamedan,Navid Express,Heavy Truck,245.1,6289.0,6844000.0,False,False,16000,False,False,False,On Time
SHP-00006,2026-06-05,2026-06-05,2026-06-08,2026-06-08,Tehran Central,Rasht,Rahbar Logistics,Light Truck,323.3,2889.9,5353000.0,False,False,5000,False,False,False,On Time
SHP-00974,2026-03-27,2026-03-28,2026-03-30,2026-03-30,Qazvin DC,Zanjan,Rahbar Logistics,Pickup,178.9,1290.1,3110000.0,False,False,1500,False,False,False,On Time
SHP-00548,2026-04-17,2026-04-18,2026-04-20,2026-04-20,Karaj Hub,Zanjan,Navid Express,Pickup,274.4,986.9,3444000.0,False,False,1500,False,False,False,On Time
SHP-00040,2026-04-25,2026-04-26,2026-04-29,2026-04-29,Tehran Central,Isfahan,Shahin Cargo,Van,424.6,570.8,4107000.0,False,False,1000,False,False,False,On Time
SHP-00543,2026-02-05,2026-02-06,2026-02-10,2026-02-10,Tehran Central,Urmia,Shahin Cargo,Pickup,732.5,936.9,8221000.0,False,False,1500,False,False,False,On Time
SHP-00243,2026-01-18,2026-01-19,2026-01-22,2026-01-22,Karaj Hub,Tabriz,Pars Freight,Van,538.4,623.0,5265000.0,False,False,1000,False,False,False,On Time
SHP-00137,2026-04-20,2026-04-20,2026-04-22,2026-04-22,Tehran Central,Arak,Rahbar Logistics,Heavy Truck,269.8,9961.1,8109000.0,False,False,16000,False,False,False,On Time
SHP-00603,2026-05-14,2026-05-16,2026-05-18,2026-05-18,Karaj Hub,Arak,Shahin Cargo,Pickup,298.6,1327.7,4239000.0,False,False,1500,False,False,False,On Time
SHP-00773,2026-01-01,2026-01-02,2026-01-04,2026-01-04,Karaj Hub,Arak,Shahin Cargo,Van,297.9,217.7,3305000.0,False,False,1000,False,False,False,On Time
SHP-00847,2026-01-29,2026-01-29,2026-01-30,2026-01-30,Tehran Central,Tehran,Shahin Cargo,Light Truck,32.8,2698.8,2335000.0,False,False,5000,False,False,False,On Time
SHP-01091,2026-04-02,2026-04-03,2026-04-07,2026-04-08,Tehran Central,Mashhad,Pars Freight,Van,897.9,709.3,8041000.0,False,False,1000,False,False,False,Late
SHP-01366,2026-01-04,2026-01-06,2026-01-11,2026-01-11,Tabriz DC,Mashhad,Aras Transport,Van,1663.2,543.3,16700000.0,False,False,1000,False,False,False,On Time
SHP-00582,2026-05-31,2026-06-01,2026-06-03,2026-06-03,Karaj Hub,Qom,Shahin Cargo,Heavy Truck,189.9,12923.3,8720000.0,False,False,16000,False,False,False,On Time
SHP-00789,2026-04-09,2026-04-10,2026-04-14,2026-04-14,Tabriz DC,Qom,Navid Express,Light Truck,614.4,2784.9,10271000.0,False,False,5000,False,False,False,On Time
SHP-01389,2026-06-11,2026-06-13,2026-06-15,2026-06-15,Tehran Central,Qom,Shahin Cargo,Light Truck,157.6,3783.4,4212000.0,False,False,5000,False,False,False,On Time
SHP-00377,2026-05-14,2026-05-15,2026-05-17,2026-05-16,Karaj Hub,Qom,Navid Express,Pickup,197.2,211.3,2560000.0,False,False,1500,False,False,False,On Time
SHP-00315,2026-02-14,2026-02-14,2026-02-19,2026-02-19,Tehran Central,Tabriz,Aras Transport,Van,644.7,636.5,6079000.0,False,False,1000,False,False,False,On Time
SHP-00443,2026-01-24,2026-01-26,2026-01-27,2026-01-27,Tehran Central,Karaj,Shahin Cargo,Heavy Truck,47.3,7565.5,3977000.0,False,False,16000,False,False,False,On Time
SHP-00320,2026-05-20,2026-05-22,2026-05-25,2026-05-25,Tehran Central,Arak,Aras Transport,Light Truck,277.1,998.4,4592000.0,False,False,5000,False,False,False,On Time
SHP-00794,2026-05-30,2026-05-31,2026-06-03,2026-06-03,Tehran Central,Hamedan,Pars Freight,Light Truck,305.1,1084.1,4889000.0,False,False,5000,False,False,False,On Time
SHP-01133,2026-05-24,2026-05-24,2026-05-27,2026-05-27,Tehran Central,Tabriz,Rahbar Logistics,Light Truck,586.0,1624.2,9029000.0,False,False,5000,False,False,False,On Time
SHP-00425,2026-03-17,2026-03-18,2026-03-22,2026-03-22,Tabriz DC,Mashhad,Rahbar Logistics,Pickup,1509.0,1301.9,16959000.0,False,False,1500,False,False,False,On Time
SHP-00554,2026-02-27,2026-03-01,2026-03-03,2026-03-05,Karaj Hub,Qazvin,Pars Freight,Pickup,140.5,774.6,2303000.0,False,False,1500,False,False,False,Late
SHP-00595,2026-02-28,2026-02-28,2026-03-04,2026-03-04,Tehran Central,Urmia,Navid Express,Van,781.1,658.5,7520000.0,False,False,1000,False,False,False,On Time
SHP-00662,2026-05-14,2026-05-15,2026-05-18,2026-05-18,Karaj Hub,Arak,Aras Transport,Pickup,308.3,241.6,2811000.0,False,False,1500,False,False,False,On Time
SHP-01218,2026-05-13,2026-05-14,2026-05-18,,Tabriz DC,Tehran,Aras Transport,Light Truck,671.8,4197.2,10445000.0,False,False,5000,False,False,False,Missing Delivery Record
SHP-01165,2026-04-04,2026-04-06,2026-04-09,2026-04-09,Tehran Central,Hamedan,Shahin Cargo,Pickup,338.7,204.9,3785000.0,False,False,1500,False,False,False,On Time
SHP-00228,2026-04-15,2026-04-15,2026-04-18,2026-04-17,Tehran Central,Rasht,Aras Transport,Light Truck,325.3,1006.1,5308000.0,False,False,5000,False,False,False,On Time
SHP-00715,2026-06-16,2026-06-18,2026-06-20,2026-06-20,Tehran Central,Karaj,Rahbar Logistics,Light Truck,51.9,729.3,12362000.0,False,False,5000,False,False,False,On Time
SHP-00811,2026-01-08,2026-01-09,2026-01-12,2026-01-12,Karaj Hub,Tabriz,Aras Transport,Van,590.2,843.6,5952000.0,False,False,1000,False,False,False,On Time
SHP-00980,2026-04-13,2026-04-13,2026-04-16,2026-04-16,Tehran Central,Isfahan,Pars Freight,Heavy Truck,446.0,8702.2,10312000.0,False,False,16000,False,False,False,On Time
SHP-01076,2026-01-30,2026-01-31,2026-02-02,2026-02-02,Tehran Central,Qazvin,Pars Freight,Heavy Truck,146.2,3009.4,4306000.0,False,False,16000,False,False,False,On Time
SHP-00067,2026-06-13,2026-06-13,2026-06-17,2026-06-17,Tehran Central,Mashhad,Pars Freight,Light Truck,982.7,2225.2,13896000.0,False,False,5000,False,False,False,On Time
SHP-00394,2026-04-19,2026-04-19,2026-04-21,2026-04-22,Tabriz DC,Urmia,Rahbar Logistics,Light Truck,139.1,2474.5,2999000.0,False,False,5000,False,False,False,Late
SHP-00580,2026-01-19,2026-01-20,2026-01-23,2026-01-23,Tehran Central,Isfahan,Navid Express,Van,454.2,441.3,4270000.0,False,False,1000,False,False,False,On Time
SHP-00990,2026-05-23,2026-05-24,2026-05-27,2026-05-26,Karaj Hub,Isfahan,Shahin Cargo,Van,518.0,466.3,4959000.0,False,False,1000,False,False,False,On Time
SHP-00212,2026-05-10,2026-05-10,2026-05-14,2026-05-15,Tabriz DC,Mashhad,Pars Freight,Heavy Truck,1477.2,12935.5,32026000.0,False,False,16000,False,False,False,Late
SHP-01160,2026-03-03,2026-03-05,2026-03-07,2026-03-07,Tehran Central,Qazvin,Shahin Cargo,Heavy Truck,172.4,14741.8,7949000.0,False,False,16000,False,False,False,On Time
SHP-00782,2026-04-26,2026-04-28,2026-05-01,2026-05-01,Tehran Central,Isfahan,Pars Freight,Light Truck,457.1,3144.8,6723000.0,False,False,5000,False,False,False,On Time
SHP-00537,2026-03-24,2026-03-25,2026-03-28,2026-03-28,Karaj Hub,Zanjan,Shahin Cargo,Light Truck,286.7,2413.3,4848000.0,False,False,5000,False,False,False,On Time
SHP-00775,2026-06-03,2026-06-04,2026-06-06,2026-06-07,Tabriz DC,Urmia,Shahin Cargo,Van,154.5,858.8,2132000.0,False,False,1000,False,False,False,Late
SHP-00086,2026-05-07,2026-05-08,2026-05-10,2026-05-09,Tehran Central,Arak,Aras Transport,Pickup,269.9,1351.9,4397000.0,False,False,1500,False,False,False,On Time
SHP-01350,2026-04-18,2026-04-20,2026-04-25,2026-04-25,Tabriz DC,Tehran,Pars Freight,Van,601.1,639.6,5956000.0,False,False,1000,False,False,False,On Time
SHP-01217,2026-04-02,2026-04-03,2026-04-06,2026-04-06,Tehran Central,Rasht,Shahin Cargo,Light Truck,332.3,2789.1,6377000.0,False,False,5000,False,False,False,On Time
SHP-00916,2026-03-24,2026-03-25,2026-03-28,2026-03-28,Tehran Central,Zanjan,Aras Transport,Van,340.1,319.4,3103000.0,False,False,1000,False,False,False,On Time
SHP-00661,2026-02-01,2026-02-03,2026-02-06,2026-02-07,Tehran Central,Isfahan,Rahbar Logistics,Pickup,456.3,1053.8,5266000.0,False,False,1500,False,False,False,Late
SHP-01351,2026-01-11,2026-01-12,2026-01-13,2026-01-13,Tehran Central,Karaj,Aras Transport,Van,55.0,595.7,1063000.0,False,False,1000,False,False,False,On Time
SHP-00631,2026-05-14,2026-05-15,2026-05-17,2026-05-17,Karaj Hub,Zanjan,Navid Express,Pickup,292.8,551.9,3679000.0,False,False,1500,False,False,False,On Time
SHP-01034,2026-02-26,2026-02-27,2026-03-03,2026-03-03,Tehran Central,Urmia,Aras Transport,Light Truck,746.6,990.6,9237000.0,False,False,5000,False,False,False,On Time
SHP-01400,2026-02-24,2026-02-25,2026-02-28,2026-02-27,Karaj Hub,Zanjan,Navid Express,Light Truck,301.7,2055.8,5141000.0,False,False,5000,False,False,False,On Time
SHP-01093,2026-06-02,2026-06-03,2026-06-04,2026-06-04,Karaj Hub,Tehran,Navid Express,Van,55.2,820.6,1320000.0,False,False,1000,False,False,False,On Time
SHP-00274,2026-06-23,2026-06-24,2026-06-28,2026-06-29,Tabriz DC,Tehran,Pars Freight,Light Truck,664.3,4340.1,10401000.0,False,False,5000,False,False,False,Late
SHP-00723,2026-06-02,2026-06-03,2026-06-07,2026-06-06,Karaj Hub,Rasht,Shahin Cargo,Pickup,324.8,300.5,3398000.0,False,False,1500,False,False,False,On Time
SHP-00363,2026-02-10,2026-02-10,2026-02-13,2026-02-12,Tabriz DC,Qazvin,Rahbar Logistics,Van,479.9,855.3,4439000.0,False,False,1000,False,False,False,On Time
SHP-00623,2026-01-30,2026-01-31,2026-02-03,2026-02-04,Karaj Hub,Zanjan,Shahin Cargo,Van,312.3,629.7,2839000.0,False,False,1000,False,False,False,Late
SHP-00003,2026-04-29,2026-04-30,2026-05-03,2026-05-03,Tehran Central,Zanjan,Navid Express,Light Truck,355.5,2063.8,5583000.0,False,False,5000,False,False,False,On Time
SHP-00007,2026-01-16,2026-01-17,2026-01-20,2026-01-20,Tehran Central,Rasht,Rahbar Logistics,Light Truck,335.1,2688.4,6475000.0,False,False,5000,False,False,False,On Time
SHP-00312,2026-05-02,2026-05-02,2026-05-06,2026-05-07,Tehran Central,Urmia,Pars Freight,Light Truck,645.4,2130.1,9192000.0,False,False,5000,False,False,False,Late
SHP-01168,2026-03-14,2026-03-15,2026-03-19,2026-03-19,Qazvin DC,Mashhad,Navid Express,Light Truck,1128.9,912.7,15051000.0,False,False,5000,False,False,False,On Time
SHP-00939,2026-03-25,2026-03-25,2026-03-29,2026-03-30,Tehran Central,Tabriz,Aras Transport,Light Truck,626.5,1357.8,9691000.0,False,False,5000,False,False,False,Late
SHP-00519,2026-03-28,2026-03-29,2026-03-31,2026-03-31,Karaj Hub,Qazvin,Aras Transport,Light Truck,131.6,3308.6,3584000.0,False,False,5000,False,False,False,On Time
SHP-00216,2026-02-19,2026-02-20,2026-02-22,2026-02-24,Karaj Hub,Zanjan,Rahbar Logistics,Light Truck,298.0,3651.0,5480000.0,False,False,5000,False,False,False,Late
SHP-01321,2026-01-21,2026-01-22,2026-01-26,2026-01-28,Karaj Hub,Isfahan,Shahin Cargo,Pickup,491.0,1266.0,6236000.0,False,False,1500,False,False,False,Late
SHP-00028,2026-05-29,2026-05-30,2026-06-03,2026-06-04,Tehran Central,Mashhad,Rahbar Logistics,Pickup,937.5,530.4,9349000.0,False,False,1500,False,False,False,Late
SHP-01466,2026-01-21,2026-01-22,2026-01-23,2026-01-23,Tehran Central,Karaj,Pars Freight,Light Truck,58.3,4496.2,3469000.0,False,False,5000,False,False,False,On Time
SHP-01025,2026-05-29,2026-05-30,2026-06-02,2026-06-01,Qazvin DC,Qom,Rahbar Logistics,Light Truck,302.5,3126.6,5882000.0,False,False,5000,False,False,False,On Time
SHP-00786,2026-04-17,2026-04-18,2026-04-21,2026-04-21,Tehran Central,Zanjan,Navid Express,Heavy Truck,335.5,6521.1,8993000.0,False,False,16000,False,False,False,On Time
SHP-00639,2026-05-24,2026-05-25,2026-05-27,2026-05-27,Tabriz DC,Tabriz,Navid Express,Van,27.4,607.3,860000.0,False,False,1000,False,False,False,On Time
SHP-00830,2026-01-06,2026-01-06,2026-01-10,2026-01-10,Tabriz DC,Isfahan,Navid Express,Light Truck,955.6,3302.2,16031000.0,False,False,5000,False,False,False,On Time
SHP-00827,2026-05-04,2026-05-04,2026-05-06,2026-05-06,Karaj Hub,Qom,Pars Freight,Pickup,194.0,652.6,2179000.0,False,False,1500,False,False,False,On Time
SHP-00625,2026-04-20,2026-04-21,2026-04-22,2026-04-24,Tehran Central,Tehran,Shahin Cargo,Light Truck,22.1,577.5,1157000.0,False,False,5000,False,False,False,Late
SHP-00850,2026-04-20,2026-04-21,2026-04-24,2026-04-24,Karaj Hub,Qazvin,Navid Express,Pickup,120.5,680.9,1663000.0,False,False,1500,False,False,False,On Time
SHP-00257,2026-05-03,2026-05-05,2026-05-06,2026-05-06,Tabriz DC,Tabriz,Pars Freight,Heavy Truck,24.2,11628.6,5312000.0,False,False,16000,False,False,False,On Time
SHP-00026,2026-04-27,2026-04-29,2026-05-04,2026-05-07,Tabriz DC,Mashhad,Pars Freight,Light Truck,1495.8,3596.0,22778000.0,False,False,5000,False,False,False,Late
SHP-00337,2026-06-24,2026-06-25,2026-06-29,2026-07-02,Karaj Hub,Urmia,Pars Freight,Light Truck,693.0,3514.5,10807000.0,False,False,5000,False,False,False,Late
SHP-00573,2026-02-21,2026-02-22,2026-02-25,2026-02-25,Tabriz DC,Qazvin,Shahin Cargo,Pickup,412.0,218.9,4465000.0,False,False,1500,False,False,False,On Time
SHP-00048,2026-06-11,2026-06-12,2026-06-13,2026-06-15,Karaj Hub,Tehran,Pars Freight,Light Truck,50.6,979.0,1686000.0,False,False,5000,False,False,False,Late
SHP-00107,2026-05-22,2026-05-22,2026-05-24,2026-05-23,Tabriz DC,Zanjan,Pars Freight,Light Truck,288.9,2399.0,5342000.0,False,False,5000,False,False,False,On Time
SHP-00350,2026-01-30,2026-01-29,2026-02-02,2026-02-03,Qazvin DC,Hamedan,Pars Freight,Heavy Truck,275.1,5566.0,7192000.0,True,False,16000,False,False,True,Invalid Date
SHP-00056,2026-01-08,2026-01-09,2026-01-10,2026-01-10,Tehran Central,Karaj,Pars Freight,Van,57.7,362.5,1124000.0,False,False,1000,False,False,False,On Time
SHP-00809,2026-03-12,2026-03-13,2026-03-14,2026-03-16,Tehran Central,Tehran,Rahbar Logistics,Pickup,19.7,682.0,975000.0,False,False,1500,False,False,False,Late
SHP-00214,2026-03-23,2026-03-24,2026-03-26,2026-03-26,Qazvin DC,Tehran,Aras Transport,Heavy Truck,153.7,13958.8,7876000.0,False,False,16000,False,False,False,On Time
SHP-00121,2026-03-21,2026-03-22,2026-03-24,2026-03-24,Karaj Hub,Tehran,Pars Freight,Light Truck,54.0,4151.7,2881000.0,False,False,5000,False,False,False,On Time
SHP-00870,2026-01-08,2026-01-09,2026-01-11,2026-01-11,Tehran Central,Qazvin,Navid Express,Light Truck,156.0,844.9,2773000.0,False,False,5000,False,False,False,On Time
SHP-00856,2026-06-03,2026-06-05,2026-06-09,2026-06-09,Tehran Central,Isfahan,Navid Express,Van,470.6,309.4,4423000.0,False,False,1000,False,False,False,On Time
SHP-00073,2026-03-25,2026-03-26,2026-03-29,2026-03-30,Tehran Central,Isfahan,Navid Express,Heavy Truck,424.8,7628.5,10065000.0,False,False,16000,False,False,False,Late
SHP-01381,2026-06-27,2026-06-29,2026-07-01,2026-07-01,Qazvin DC,Hamedan,Shahin Cargo,Heavy Truck,265.9,3290.9,7474000.0,False,False,16000,False,False,False,On Time
SHP-00721,2026-01-26,2026-01-26,2026-01-30,2026-01-31,Tehran Central,Tabriz,Aras Transport,Pickup,617.8,244.6,7154000.0,False,False,1500,False,False,False,Late
SHP-00046,2026-06-25,2026-06-25,2026-06-26,2026-06-26,Tehran Central,Tehran,Rahbar Logistics,Pickup,23.1,455.9,975000.0,False,False,1500,False,False,False,On Time
SHP-01264,2026-05-29,2026-05-29,2026-06-01,2026-06-02,Qazvin DC,Arak,Pars Freight,Light Truck,344.0,1690.8,5895000.0,False,False,5000,False,False,False,Late
SHP-00524,2026-05-30,2026-05-31,2026-06-04,2026-06-04,Karaj Hub,Urmia,Rahbar Logistics,Pickup,754.2,255.2,7968000.0,False,False,1500,False,False,False,On Time
SHP-00869,2026-03-22,2026-03-23,2026-03-26,2026-03-26,Tabriz DC,Zanjan,Shahin Cargo,Van,292.9,297.0,3100000.0,False,False,1000,False,False,False,On Time
SHP-01108,2026-06-14,2026-06-14,2026-06-17,2026-06-17,Tehran Central,Hamedan,Rahbar Logistics,Pickup,326.5,745.7,4146000.0,False,False,1500,False,False,False,On Time
SHP-01275,2026-05-19,2026-05-20,2026-05-25,2026-05-26,Tabriz DC,Qom,Pars Freight,Light Truck,738.2,861.8,8586000.0,False,False,5000,False,False,False,Late
SHP-00803,2026-04-04,2026-04-05,2026-04-09,2026-04-10,Tabriz DC,Rasht,Shahin Cargo,Heavy Truck,528.7,13121.5,15630000.0,False,False,16000,False,False,False,Late
SHP-00534,2026-02-21,2026-02-23,2026-02-26,2026-02-26,Karaj Hub,Isfahan,Rahbar Logistics,Heavy Truck,470.2,7736.0,10569000.0,False,False,16000,False,False,False,On Time
SHP-01138,2026-03-08,2026-03-08,2026-03-10,2026-03-10,Qazvin DC,Tehran,Pars Freight,Light Truck,155.1,4335.8,4185000.0,False,False,5000,False,False,False,On Time
SHP-00604,2026-01-25,2026-01-26,2026-01-30,2026-01-30,Qazvin DC,Mashhad,Pars Freight,Light Truck,991.8,1502.4,12623000.0,False,False,5000,False,False,False,On Time
SHP-00466,2026-06-24,2026-06-25,2026-06-28,2026-06-27,Karaj Hub,Arak,Navid Express,Light Truck,309.9,2785.4,5308000.0,False,False,5000,False,False,False,On Time
SHP-01203,2026-06-28,2026-06-29,2026-07-01,2026-07-01,Karaj Hub,Arak,Aras Transport,Pickup,297.5,151.6,3126000.0,False,False,1500,False,False,False,On Time
SHP-01278,2026-05-21,2026-05-23,2026-05-25,2026-05-24,Tehran Central,Qazvin,Aras Transport,Pickup,170.6,527.5,2575000.0,False,False,1500,False,False,False,On Time
SHP-01444,2026-03-20,2026-03-22,2026-03-25,2026-03-25,Tehran Central,Hamedan,Pars Freight,Pickup,314.7,1092.7,4152000.0,False,False,1500,False,False,False,On Time
SHP-00989,2026-02-14,2026-02-15,2026-02-19,2026-02-19,Karaj Hub,Mashhad,Aras Transport,Light Truck,913.0,1181.6,14033000.0,False,False,5000,False,False,False,On Time
SHP-00061,2026-06-16,2026-06-17,2026-06-20,2026-06-20,Tehran Central,Zanjan,Shahin Cargo,Heavy Truck,311.5,8036.1,8992000.0,False,False,16000,False,False,False,On Time
SHP-00886,2026-05-13,2026-05-14,2026-05-18,2026-05-19,Tehran Central,Urmia,Pars Freight,Light Truck,808.0,1204.9,10922000.0,False,False,5000,False,False,False,Late
SHP-00093,2026-06-02,2026-06-03,2026-06-07,2026-06-07,Tehran Central,Mashhad,Rahbar Logistics,Light Truck,925.0,1053.3,11868000.0,False,False,5000,False,False,False,On Time
SHP-00667,2026-04-02,2026-04-02,2026-04-06,2026-04-06,Tehran Central,Tabriz,Aras Transport,Light Truck,638.6,1203.6,8193000.0,False,False,5000,False,False,False,On Time
SHP-00706,2026-04-13,2026-04-14,2026-04-18,2026-04-18,Tehran Central,Tabriz,Navid Express,Heavy Truck,646.3,8730.150000000001,13497000.0,False,False,16000,False,False,False,On Time
SHP-00195,2026-06-23,2026-06-24,2026-06-27,2026-06-27,Tabriz DC,Qazvin,Navid Express,Light Truck,459.6,1959.3,6670000.0,False,False,5000,False,False,False,On Time
SHP-00281,2026-02-19,2026-02-20,2026-02-21,2026-02-21,Tehran Central,Tehran,Rahbar Logistics,Light Truck,28.8,1627.2,1723000.0,False,False,5000,False,False,False,On Time
SHP-00696,2026-02-15,2026-02-16,2026-02-19,2026-02-20,Qazvin DC,Arak,Aras Transport,Light Truck,317.0,2595.7,5314000.0,False,False,5000,False,False,False,Late
SHP-00360,2026-05-16,2026-05-17,2026-05-18,2026-05-19,Karaj Hub,Tehran,Navid Express,Light Truck,51.7,2165.6,2334000.0,False,False,5000,False,False,False,Late
SHP-00520,2026-04-18,2026-04-19,2026-04-21,2026-04-21,Tehran Central,Qazvin,Navid Express,Pickup,151.4,1170.7,2185000.0,False,False,1500,False,False,False,On Time
SHP-00768,2026-03-28,2026-03-28,2026-04-01,2026-04-01,Tehran Central,Rasht,Navid Express,Van,337.5,439.0,3632000.0,False,False,1000,False,False,False,On Time
SHP-00183,2026-04-01,2026-04-01,2026-04-02,2026-04-03,Tehran Central,Tehran,Rahbar Logistics,Light Truck,26.0,1845.9,1842000.0,False,False,5000,False,False,False,Late
SHP-00111,2026-02-20,2026-02-20,2026-02-24,2026-02-24,Qazvin DC,Mashhad,Shahin Cargo,Van,1115.6,82.0,9191000.0,False,False,1000,False,False,False,On Time
SHP-00043,2026-05-07,2026-05-08,2026-05-11,2026-05-11,Tehran Central,Rasht,Aras Transport,Light Truck,309.5,3634.4,6056000.0,False,False,5000,False,False,False,On Time
SHP-01007,2026-06-03,2026-06-04,2026-06-03,2026-06-07,Tehran Central,Zanjan,Aras Transport,Van,326.8,166.7,3158000.0,True,False,1000,False,False,True,Invalid Date
SHP-00205,2026-03-24,2026-03-24,2026-03-26,2026-03-28,Tehran Central,Qom,Shahin Cargo,Pickup,142.0,1299.6,2606000.0,False,False,1500,False,False,False,Late
SHP-00821,2026-01-05,2026-01-06,2026-01-10,2026-01-10,Tabriz DC,Karaj,Shahin Cargo,Heavy Truck,668.4,14047.6,18110000.0,False,False,16000,False,False,False,On Time
SHP-00053,2026-03-07,2026-03-08,2026-03-10,2026-03-11,Tehran Central,Arak,Rahbar Logistics,Pickup,269.0,385.9,3423000.0,False,False,1500,False,False,False,Late
SHP-00546,2026-01-10,2026-01-10,2026-01-12,2026-01-12,Tehran Central,Qazvin,Navid Express,Pickup,163.7,414.0,1854000.0,False,False,1500,False,False,False,On Time
SHP-01132,2026-05-02,2026-05-04,2026-05-06,2026-05-06,Qazvin DC,Karaj,Navid Express,Light Truck,132.0,1003.5,2525000.0,False,False,5000,False,False,False,On Time
SHP-01158,2026-06-03,2026-06-04,2026-06-07,2026-06-07,Karaj Hub,Zanjan,Pars Freight,Van,307.7,208.9,3178000.0,False,False,1000,False,False,False,On Time
SHP-01468,2026-03-11,2026-03-12,2026-03-13,2026-03-12,Qazvin DC,Qazvin,Rahbar Logistics,Van,16.3,775.8,873000.0,False,False,1000,False,False,False,On Time
SHP-00911,2026-05-20,2026-05-21,2026-05-25,2026-05-26,Karaj Hub,Tabriz,Rahbar Logistics,Van,626.1,142.7,5898000.0,False,False,1000,False,False,False,Late
SHP-00184,2026-05-07,2026-05-08,2026-05-11,2026-05-11,Tehran Central,Hamedan,Pars Freight,Pickup,303.5,1297.0,4009000.0,False,False,1500,False,False,False,On Time
SHP-00138,2026-01-06,2026-01-07,2026-01-10,2026-01-10,Qazvin DC,Isfahan,Pars Freight,Pickup,562.0,1085.7,6744000.0,False,False,1500,False,False,False,On Time
SHP-01150,2026-06-04,2026-06-06,2026-06-07,2026-06-07,Tehran Central,Karaj,Aras Transport,Van,54.3,215.6,819000.0,False,False,1000,False,False,False,On Time
SHP-00081,2026-06-20,2026-06-20,2026-06-22,,Qazvin DC,Qazvin,Rahbar Logistics,Light Truck,15.2,2020.0,1792000.0,False,False,5000,False,False,False,Missing Delivery Record
SHP-01213,2026-03-25,2026-03-26,2026-03-27,2026-03-27,Qazvin DC,Qazvin,Pars Freight,Light Truck,18.9,4034.6,2604000.0,False,False,5000,False,False,False,On Time
SHP-00106,2026-05-23,2026-05-24,2026-05-28,2026-05-30,Tehran Central,Urmia,Shahin Cargo,Pickup,750.4,1362.2,7838000.0,False,False,1500,False,False,False,Late
SHP-00542,2026-01-11,2026-01-12,2026-01-13,2026-01-13,Tehran Central,Tehran,Navid Express,Light Truck,21.5,551.7,1181000.0,False,False,5000,False,False,False,On Time
SHP-01314,2026-06-04,2026-06-05,2026-06-07,2026-06-07,Tehran Central,Qom,Pars Freight,Heavy Truck,159.6,9509.1,6749000.0,False,False,16000,False,False,False,On Time
SHP-00481,2026-02-22,2026-02-23,2026-02-27,2026-02-27,Karaj Hub,Isfahan,Shahin Cargo,Pickup,479.5,214.2,4205000.0,False,False,1500,False,False,False,On Time
SHP-00166,2026-05-28,2026-05-29,2026-06-02,2026-06-03,Karaj Hub,Urmia,Navid Express,Pickup,683.2,524.0,7947000.0,False,False,1500,False,False,False,Late
SHP-00249,2026-05-23,2026-05-24,2026-05-27,2026-05-27,Karaj Hub,Rasht,Aras Transport,Light Truck,303.2,2346.5,5659000.0,False,False,5000,False,False,False,On Time
SHP-00308,2026-04-11,2026-04-12,2026-04-16,2026-04-16,Tabriz DC,Mashhad,Navid Express,Light Truck,1466.7,4157.7,19183000.0,False,False,5000,False,False,False,On Time
SHP-00447,2026-02-26,2026-02-27,2026-03-02,2026-03-04,Tehran Central,Isfahan,Pars Freight,Light Truck,444.3,1139.6,5502000.0,False,False,5000,False,False,False,Late
SHP-00747,2026-04-07,2026-04-08,2026-04-12,2026-04-12,Tehran Central,Mashhad,Rahbar Logistics,Pickup,926.3,766.6,9615000.0,False,False,1500,False,False,False,On Time
SHP-00335,2026-03-25,2026-03-26,2026-03-28,2026-03-28,Karaj Hub,Hamedan,Navid Express,Van,286.1,408.8,2985000.0,False,False,1000,False,False,False,On Time
SHP-00098,2026-05-04,2026-05-05,2026-05-09,2026-05-09,Karaj Hub,Arak,Aras Transport,Pickup,307.1,1019.2,3801000.0,False,False,1500,False,False,False,On Time
SHP-00760,2026-05-13,2026-05-14,2026-05-15,2026-05-15,Karaj Hub,Tehran,Pars Freight,Pickup,46.8,810.0,1405000.0,False,False,1500,False,False,False,On Time
SHP-00738,2026-03-02,2026-03-04,2026-03-08,2026-03-08,Tehran Central,Urmia,Pars Freight,Light Truck,663.6,3916.5,11532000.0,False,False,5000,False,False,False,On Time
SHP-00837,2026-05-27,2026-05-28,2026-05-30,2026-05-31,Karaj Hub,Arak,Navid Express,Light Truck,297.2,1063.6,4540000.0,False,False,5000,False,False,False,Late
SHP-00943,2026-06-15,2026-06-16,2026-06-17,2026-06-18,Karaj Hub,Karaj,Navid Express,Light Truck,23.6,1447.2,1638000.0,False,False,5000,False,False,False,Late
SHP-00103,2026-05-26,2026-05-27,2026-05-29,2026-05-29,Qazvin DC,Karaj,Navid Express,Heavy Truck,123.4,6189.1,4600000.0,False,False,16000,False,False,False,On Time
SHP-00435,2026-03-20,2026-03-21,2026-03-25,2026-03-26,Tehran Central,Urmia,Pars Freight,Pickup,753.6,745.5,8726000.0,False,False,1500,False,False,False,Late
SHP-00075,2026-05-05,2026-05-06,2026-05-08,2026-05-09,Qazvin DC,Rasht,Rahbar Logistics,Heavy Truck,163.5,2587.4,4694000.0,False,False,16000,False,False,False,Late
SHP-01341,2026-04-07,2026-04-08,2026-04-11,2026-04-11,Karaj Hub,Isfahan,Aras Transport,Van,472.3,279.3,4614000.0,False,False,1000,False,False,False,On Time
SHP-01125,2026-06-02,2026-06-04,2026-06-05,2026-06-05,Tehran Central,Karaj,Aras Transport,Heavy Truck,54.6,14805.3,5777000.0,False,False,16000,False,False,False,On Time
SHP-01360,2026-03-08,2026-03-09,2026-03-13,2026-03-13,Qazvin DC,Qom,Navid Express,Light Truck,311.0,1322.2,5107000.0,False,False,5000,False,False,False,On Time
SHP-00303,2026-01-02,2026-01-03,2026-01-06,2026-01-06,Karaj Hub,Isfahan,Shahin Cargo,Light Truck,509.4,1882.3,7377000.0,False,False,5000,False,False,False,On Time
SHP-01263,2026-03-22,2026-03-23,2026-03-27,2026-03-27,Tehran Central,Mashhad,Aras Transport,Pickup,913.9,616.6,8418000.0,False,False,1500,False,False,False,On Time
SHP-01224,2026-04-29,2026-04-29,2026-05-02,2026-05-02,Qazvin DC,Tabriz,Rahbar Logistics,Van,460.9,823.9,4913000.0,False,False,1000,False,False,False,On Time
SHP-00734,2026-05-21,2026-05-21,2026-05-25,2026-05-25,Tabriz DC,Qom,Rahbar Logistics,Heavy Truck,715.6,3294.1,15131000.0,False,False,16000,False,False,False,On Time
SHP-00389,2026-06-11,2026-06-11,2026-06-15,2026-06-15,Tehran Central,Zanjan,Pars Freight,Heavy Truck,336.8,7008.2,9462000.0,False,False,16000,False,False,False,On Time
SHP-00236,2026-05-11,2026-05-12,2026-05-15,2026-05-14,Tehran Central,Zanjan,Aras Transport,Heavy Truck,320.4,5091.8,7840000.0,False,False,16000,False,False,False,On Time
SHP-01246,2026-06-28,2026-06-30,2026-07-01,2026-07-01,Qazvin DC,Qazvin,Navid Express,Pickup,19.1,942.5,1175000.0,False,False,1500,False,False,False,On Time
SHP-00268,2026-03-04,2026-03-05,2026-03-07,2026-03-07,Tehran Central,Qom,Aras Transport,Van,158.8,773.4,2055000.0,False,False,1000,False,False,False,On Time
SHP-00306,2026-01-26,2026-01-27,2026-01-29,2026-01-29,Tehran Central,Qom,Pars Freight,Pickup,151.4,1365.4,2355000.0,False,False,1500,False,False,False,On Time
SHP-00118,2026-01-26,2026-01-27,2026-01-30,2026-01-30,Qazvin DC,Karaj,Aras Transport,Light Truck,136.8,1169.6,2852000.0,False,False,5000,False,False,False,On Time
SHP-01212,2026-05-22,2026-05-23,2026-05-24,2026-05-24,Tehran Central,Tehran,Pars Freight,Pickup,21.1,1364.7,1432000.0,False,False,1500,False,False,False,On Time
SHP-00674,2026-01-18,2026-01-18,2026-01-20,2026-01-20,Qazvin DC,Rasht,Shahin Cargo,Van,183.7,594.6,2400000.0,False,False,1000,False,False,False,On Time
SHP-00250,2026-01-08,2026-01-08,2026-01-11,2026-01-11,Tehran Central,Rasht,Rahbar Logistics,Van,322.6,397.8,3056000.0,False,False,1000,False,False,False,On Time
SHP-01094,2026-03-13,2026-03-15,2026-03-17,2026-03-18,Qazvin DC,Hamedan,Pars Freight,Light Truck,273.5,1417.4,4370000.0,False,False,5000,False,False,False,Late
SHP-01080,2026-06-01,2026-06-03,2026-06-05,2026-06-05,Qazvin DC,Zanjan,Navid Express,Light Truck,178.5,634.3,3226000.0,False,False,5000,False,False,False,On Time
SHP-00072,2026-02-04,2026-02-05,2026-02-06,2026-02-07,Tabriz DC,Tabriz,Shahin Cargo,Light Truck,13.3,3489.5,2328000.0,False,False,5000,False,False,False,Late
SHP-00095,2026-06-12,2026-06-14,2026-06-15,2026-06-16,Tehran Central,Tehran,Shahin Cargo,Van,22.3,136.5,574000.0,False,False,1000,False,False,False,Late
SHP-00848,2026-01-10,2026-01-11,2026-01-14,2026-01-14,Karaj Hub,Tabriz,Aras Transport,Light Truck,567.2,2031.2,10422000.0,False,False,5000,False,False,False,On Time
SHP-00034,2026-04-11,2026-04-12,2026-04-15,2026-04-15,Tehran Central,Rasht,Shahin Cargo,Heavy Truck,311.8,14216.8,10431000.0,False,False,16000,False,False,False,On Time
SHP-01101,2026-03-28,2026-03-30,2026-04-02,2026-04-04,Tehran Central,Zanjan,Pars Freight,Van,375.4,598.0,3894000.0,False,False,1000,False,False,False,Late
SHP-00449,2026-04-05,2026-04-06,2026-04-10,2026-04-11,Tehran Central,Tabriz,Pars Freight,Van,653.6,163.1,5041000.0,False,False,1000,False,False,False,Late
SHP-00446,2026-04-30,2026-05-01,2026-05-04,2026-05-03,Tabriz DC,Hamedan,Navid Express,Heavy Truck,583.3,3530.7,11294000.0,False,False,16000,False,False,False,On Time
SHP-00772,2026-06-28,2026-06-30,2026-07-02,2026-07-02,Karaj Hub,Urmia,Navid Express,Pickup,151.5,1055.6,2459000.0,False,False,1500,False,False,False,On Time
SHP-00717,2026-04-04,2026-04-05,2026-04-07,2026-04-07,Karaj Hub,Qazvin,Aras Transport,Light Truck,121.0,3112.9,3322000.0,False,False,5000,False,False,False,On Time
SHP-00887,2026-01-10,2026-01-11,2026-01-12,2026-01-12,Karaj Hub,Tehran,Rahbar Logistics,Heavy Truck,62.6,3462.1,3599000.0,False,False,16000,False,False,False,On Time
SHP-01245,2026-06-08,2026-06-09,2026-06-11,2026-06-11,Tehran Central,Qazvin,Shahin Cargo,Pickup,162.3,337.4,2278000.0,False,False,1500,False,False,False,On Time
SHP-00901,2026-01-01,2026-01-02,2026-01-05,2026-01-05,Karaj Hub,Isfahan,Navid Express,Light Truck,446.8,3852.1,7084000.0,False,False,5000,False,False,False,On Time
SHP-01036,2026-05-15,2026-05-17,2026-05-19,2026-05-19,Karaj Hub,Zanjan,Aras Transport,Pickup,296.1,582.3,3198000.0,False,False,1500,False,False,False,On Time
SHP-00078,2026-02-11,2026-02-11,2026-02-14,2026-02-14,Qazvin DC,Tabriz,Aras Transport,Van,458.2,465.2,4914000.0,False,False,1000,False,False,False,On Time
SHP-00085,2026-04-24,2026-04-25,2026-04-29,2026-04-30,Tehran Central,Tabriz,Rahbar Logistics,Pickup,682.7,326.7,7255000.0,False,False,1500,False,False,False,Late
SHP-00835,2026-06-04,2026-06-05,2026-06-07,2026-06-07,Karaj Hub,Zanjan,Navid Express,Light Truck,296.5,4331.5,5946000.0,False,False,5000,False,False,False,On Time
SHP-00083,2026-01-30,2026-01-31,2026-02-04,2026-02-03,Karaj Hub,Hamedan,Pars Freight,Heavy Truck,316.6,10131.4,10025000.0,False,False,16000,False,False,False,On Time
SHP-00458,2026-04-25,2026-04-26,2026-04-29,2026-04-29,Qazvin DC,Tabriz,Aras Transport,Pickup,462.9,731.7,5370000.0,False,False,1500,False,False,False,On Time
SHP-00919,2026-02-16,2026-02-17,2026-02-19,2026-02-19,Tehran Central,Qazvin,Navid Express,Light Truck,164.4,1500.3,3416000.0,False,False,5000,False,False,False,On Time
SHP-00677,2026-04-16,2026-04-18,2026-04-21,2026-04-22,Qazvin DC,Urmia,Rahbar Logistics,Heavy Truck,555.1,3572.5,10254000.0,False,False,16000,False,False,False,Late
SHP-00985,2026-04-17,2026-04-18,2026-04-21,2026-04-21,Qazvin DC,Qom,Aras Transport,Light Truck,297.1,3339.6,5658000.0,False,False,5000,False,False,False,On Time
SHP-01240,2026-01-08,2026-01-09,2026-01-14,2026-01-14,Tehran Central,Mashhad,Shahin Cargo,Pickup,931.1,1186.8,9709000.0,False,False,1500,False,False,False,On Time
SHP-00437,2026-04-13,2026-04-14,2026-04-18,2026-04-17,Tabriz DC,Isfahan,Aras Transport,Van,983.2,480.1,8542000.0,False,False,1000,False,False,False,On Time
SHP-00771,2026-04-28,2026-04-29,2026-05-02,2026-05-03,Karaj Hub,Isfahan,Shahin Cargo,Light Truck,497.9,2881.3,7705000.0,False,False,5000,False,False,False,Late
SHP-00645,2026-05-20,2026-05-21,2026-05-23,2026-05-23,Karaj Hub,Tehran,Shahin Cargo,Heavy Truck,58.2,13560.2,5839000.0,False,False,16000,False,False,False,On Time
SHP-01120,2026-03-31,2026-04-01,2026-04-03,2026-04-03,Qazvin DC,Tehran,Navid Express,Heavy Truck,167.1,10254.7,5684000.0,False,False,16000,False,False,False,On Time
SHP-00906,2026-05-09,2026-05-10,2026-05-14,2026-05-14,Tabriz DC,Qom,Pars Freight,Pickup,738.8,175.2,7618000.0,False,False,1500,False,False,False,On Time
SHP-01194,2026-05-08,2026-05-09,2026-05-13,2026-05-13,Tehran Central,Rasht,Pars Freight,Heavy Truck,324.8,8743.4,9165000.0,False,False,16000,False,False,False,On Time
SHP-00405,2026-04-01,2026-04-02,2026-04-05,2026-04-05,Tabriz DC,Hamedan,Pars Freight,Light Truck,557.1,3319.7,7927000.0,False,False,5000,False,False,False,On Time
SHP-01304,2026-06-12,2026-06-13,2026-06-15,2026-06-16,Karaj Hub,Arak,Pars Freight,Light Truck,275.5,4090.2,5224000.0,False,False,5000,False,False,False,Late
SHP-00934,2026-04-28,2026-04-28,2026-04-30,2026-04-30,Tehran Central,Rasht,Aras Transport,Light Truck,296.9,2567.1,4793000.0,False,False,5000,False,False,False,On Time
SHP-00105,2026-05-25,2026-05-26,2026-05-29,2026-05-29,Karaj Hub,Isfahan,Navid Express,Van,531.9,350.3,4826000.0,False,False,1000,False,False,False,On Time
SHP-00610,2026-06-05,2026-06-07,2026-06-11,2026-06-11,Qazvin DC,Arak,Shahin Cargo,Light Truck,326.9,1215.9,5161000.0,False,False,5000,False,False,False,On Time
SHP-01456,2026-01-12,2026-01-14,2026-01-16,2026-01-16,Tehran Central,Qom,Pars Freight,Pickup,141.1,836.4,2182000.0,False,False,1500,False,False,False,On Time
SHP-00689,2026-03-22,2026-03-23,2026-03-27,2026-03-27,Karaj Hub,Mashhad,Navid Express,Heavy Truck,888.2,13218.0,18695000.0,False,False,16000,False,False,False,On Time
SHP-00949,2026-06-21,2026-06-22,2026-06-23,2026-06-23,Tehran Central,Tehran,Shahin Cargo,Pickup,26.3,172.1,734000.0,False,False,1500,False,False,False,On Time
SHP-00932,2026-05-07,2026-05-08,2026-05-11,2026-05-11,Qazvin DC,Arak,Aras Transport,Van,352.1,747.9,3928000.0,False,False,1000,False,False,False,On Time
SHP-00063,2026-03-08,2026-03-08,2026-03-11,,Tehran Central,Rasht,Rahbar Logistics,Light Truck,331.2,1974.1,5013000.0,False,False,5000,False,False,False,Missing Delivery Record
SHP-00282,2026-03-30,2026-03-31,2026-04-04,2026-04-04,Tabriz DC,Tehran,Navid Express,Pickup,581.2,962.0,6651000.0,False,False,1500,False,False,False,On Time
SHP-00779,2026-02-19,2026-02-20,2026-02-22,2026-02-22,Tabriz DC,Urmia,Shahin Cargo,Heavy Truck,139.3,5309.2,5512000.0,False,False,16000,False,False,False,On Time
SHP-01394,2026-05-15,2026-05-16,2026-05-20,2026-05-22,Tehran Central,Mashhad,Pars Freight,Light Truck,859.7,513.4,12027000.0,False,False,5000,False,False,False,Late
SHP-00239,2026-02-25,2026-02-27,2026-03-02,2026-03-03,Qazvin DC,Tabriz,Aras Transport,Pickup,489.0,482.9,5190000.0,False,False,1500,False,False,False,Late
SHP-00224,2026-02-06,2026-02-07,2026-02-06,2026-02-08,Karaj Hub,Qazvin,Navid Express,Pickup,130.1,552.1,1833000.0,True,False,1500,False,False,True,Invalid Date
SHP-00146,2026-06-04,2026-06-06,2026-06-08,2026-06-08,Karaj Hub,Qazvin,Rahbar Logistics,Light Truck,128.9,1961.7,3209000.0,False,False,5000,False,False,False,On Time
SHP-01399,2026-01-05,2026-01-06,2026-01-08,2026-01-08,Qazvin DC,Rasht,Pars Freight,Van,165.7,118.8,1931000.0,False,False,1000,False,False,False,On Time
SHP-00374,2026-03-09,2026-03-10,2026-03-14,2026-03-15,Qazvin DC,Urmia,Pars Freight,Light Truck,647.8,1811.3,10292000.0,False,False,5000,False,False,False,Late
SHP-01229,2026-01-28,2026-01-29,2026-01-30,2026-01-31,Tehran Central,Karaj,Pars Freight,Van,52.6,536.8,1175000.0,False,False,1000,False,False,False,Late
SHP-00119,2026-02-14,2026-02-16,2026-02-18,2026-02-18,Qazvin DC,Rasht,Aras Transport,Pickup,190.5,781.9,2408000.0,False,False,1500,False,False,False,On Time
SHP-01167,2026-01-04,2026-01-05,2026-01-07,2026-01-08,Tehran Central,Qom,Navid Express,Heavy Truck,138.3,14190.6,7212000.0,False,False,16000,False,False,False,Late
SHP-00251,2026-02-02,2026-02-03,2026-02-02,2026-02-07,Qazvin DC,Urmia,Aras Transport,Light Truck,616.5,2726.6,8297000.0,True,False,5000,False,False,True,Invalid Date
SHP-01445,2026-01-26,2026-01-27,2026-01-29,2026-01-30,Qazvin DC,Zanjan,Shahin Cargo,Van,178.8,773.7,2405000.0,False,False,1000,False,False,False,Late
SHP-01023,2026-06-07,2026-06-08,2026-06-11,2026-06-11,Qazvin DC,Tabriz,Navid Express,Light Truck,496.0,675.9,7375000.0,False,False,5000,False,False,False,On Time
SHP-00010,2026-01-18,2026-01-18,2026-01-19,2026-01-19,Karaj Hub,Karaj,Shahin Cargo,Light Truck,21.7,4327.0,2806000.0,False,False,5000,False,False,False,On Time
SHP-00450,2026-02-21,2026-02-22,2026-02-26,2026-02-26,Tehran Central,Urmia,Rahbar Logistics,Pickup,749.9,1317.6,7579000.0,False,False,1500,False,False,False,On Time
SHP-00883,2026-03-23,2026-03-25,2026-03-27,2026-03-27,Karaj Hub,Zanjan,Pars Freight,Heavy Truck,290.3,6230.5,9142000.0,False,False,16000,False,False,False,On Time
SHP-00709,2026-03-28,2026-03-30,2026-04-02,2026-04-02,Tehran Central,Isfahan,Rahbar Logistics,Van,437.0,378.0,4220000.0,False,False,1000,False,False,False,On Time
SHP-00256,2026-01-27,2026-01-28,2026-01-30,2026-01-29,Tabriz DC,Urmia,Rahbar Logistics,Light Truck,147.5,3366.6,4175000.0,False,False,5000,False,False,False,On Time
SHP-00594,2026-06-27,2026-06-28,2026-07-01,2026-07-01,Tehran Central,Hamedan,Aras Transport,Van,319.4,857.6,3722000.0,False,False,1000,False,False,False,On Time
SHP-00390,2026-01-28,2026-01-28,2026-01-30,2026-01-31,Karaj Hub,Qom,Rahbar Logistics,Light Truck,184.2,3233.1,4027000.0,False,False,5000,False,False,False,Late
SHP-01088,2026-06-29,2026-06-29,2026-07-02,2026-07-02,Karaj Hub,Rasht,Navid Express,Pickup,304.1,514.2,3750000.0,False,False,1500,False,False,False,On Time
SHP-01201,2026-06-09,2026-06-10,2026-06-14,2026-06-14,Tehran Central,Tabriz,Rahbar Logistics,Van,634.0,869.0,6357000.0,False,False,1000,False,False,False,On Time
SHP-00558,2026-06-08,2026-06-09,2026-06-11,2026-06-11,Karaj Hub,Zanjan,Navid Express,Pickup,279.0,913.1,3465000.0,False,False,1500,False,False,False,On Time
SHP-01288,2026-02-12,2026-02-13,2026-02-17,2026-02-18,Tehran Central,Urmia,Aras Transport,Heavy Truck,774.7,5129.3,15719000.0,False,False,16000,False,False,False,Late
SHP-00840,2026-06-14,2026-06-15,2026-06-17,2026-06-17,Tehran Central,Qom,Shahin Cargo,Heavy Truck,137.3,13290.1,6694000.0,False,False,16000,False,False,False,On Time
SHP-00461,2026-05-11,2026-05-13,2026-05-15,2026-05-15,Tehran Central,Qazvin,Aras Transport,Light Truck,152.0,1870.2,3586000.0,False,False,5000,False,False,False,On Time
SHP-00724,2026-01-22,2026-01-22,2026-01-24,2026-01-24,Qazvin DC,Tehran,Navid Express,Light Truck,149.3,3117.8,3877000.0,False,False,5000,False,False,False,On Time
SHP-01382,2026-02-21,2026-02-22,2026-02-23,2026-02-23,Tehran Central,Karaj,Pars Freight,Light Truck,59.7,1944.5,2329000.0,False,False,5000,False,False,False,On Time
SHP-00145,2026-06-29,2026-06-30,2026-07-02,2026-07-02,Karaj Hub,Hamedan,Navid Express,Pickup,295.9,326.7,3797000.0,False,False,1500,False,False,False,On Time
SHP-00502,2026-04-28,2026-04-30,2026-05-02,2026-05-02,Tehran Central,Qom,Aras Transport,Light Truck,145.5,591.0,2584000.0,False,False,5000,False,False,False,On Time
SHP-01099,2026-01-08,2026-01-09,2026-01-11,2026-01-11,Tehran Central,Qom,Rahbar Logistics,Heavy Truck,153.6,12736.8,6226000.0,False,False,16000,False,False,False,On Time
SHP-00740,2026-06-12,2026-06-13,2026-06-15,2026-06-14,Karaj Hub,Qom,Aras Transport,Pickup,187.5,810.1,2478000.0,False,False,1500,False,False,False,On Time
SHP-01385,2026-03-11,2026-03-12,2026-03-15,2026-03-16,Tehran Central,Zanjan,Aras Transport,Light Truck,324.2,1838.8,4574000.0,False,False,5000,False,False,False,Late
SHP-00732,2026-03-17,2026-03-18,2026-03-19,2026-03-19,Karaj Hub,Tehran,Pars Freight,Light Truck,52.4,794.3,1763000.0,False,False,5000,False,False,False,On Time
SHP-00540,2026-01-04,2026-01-05,2026-01-08,2026-01-08,Tehran Central,Zanjan,Pars Freight,Light Truck,347.0,3771.0,6427000.0,False,False,5000,False,False,False,On Time
SHP-00178,2026-01-30,2026-01-31,2026-02-03,2026-02-03,Qazvin DC,Tabriz,Navid Express,Heavy Truck,484.6,9050.1,11809000.0,False,False,16000,False,False,False,On Time
SHP-01447,2026-06-19,2026-06-21,2026-06-24,2026-06-25,Qazvin DC,Rasht,Rahbar Logistics,Light Truck,175.5,744.9,2948000.0,False,False,5000,False,False,False,Late
SHP-00698,2026-04-17,2026-04-18,2026-04-22,2026-04-22,Tehran Central,Mashhad,Aras Transport,Pickup,897.3,493.8,10042000.0,False,False,1500,False,False,False,On Time
SHP-00941,2026-05-06,2026-05-07,2026-05-08,2026-05-08,Qazvin DC,Qazvin,Navid Express,Heavy Truck,17.4,5204.2,2842000.0,False,False,16000,False,False,False,On Time
SHP-01050,2026-01-22,2026-01-24,2026-01-27,2026-01-27,Tehran Central,Isfahan,Shahin Cargo,Van,436.1,733.3,4495000.0,False,False,1000,False,False,False,On Time
SHP-00923,2026-03-22,2026-03-23,2026-03-25,2026-03-25,Qazvin DC,Zanjan,Navid Express,Pickup,168.3,617.4,2224000.0,False,False,1500,False,False,False,On Time
SHP-00899,2026-01-13,2026-01-12,2026-01-19,2026-01-19,Tabriz DC,Tehran,Navid Express,Pickup,681.4,981.0,7088000.0,True,False,1500,False,False,True,Invalid Date
SHP-00008,2026-05-07,2026-05-07,2026-05-09,2026-05-09,Qazvin DC,Karaj,Navid Express,Van,130.5,231.1,1564000.0,False,False,1000,False,False,False,On Time
SHP-00863,2026-01-22,2026-01-22,2026-01-24,2026-01-24,Tehran Central,Qazvin,Rahbar Logistics,Heavy Truck,161.5,12665.4,7866000.0,False,False,16000,False,False,False,On Time
SHP-00668,2026-06-05,2026-06-06,2026-06-08,2026-06-09,Qazvin DC,Tehran,Rahbar Logistics,Van,153.2,845.0,2032000.0,False,False,1000,False,False,False,Late
SHP-01161,2026-04-16,2026-04-17,2026-04-21,2026-04-21,Tehran Central,Urmia,Rahbar Logistics,Van,845.0,228.5,8556000.0,False,False,1000,False,False,False,On Time
SHP-00358,2026-06-11,2026-06-12,2026-06-13,2026-06-13,Tehran Central,Tehran,Pars Freight,Light Truck,33.6,3873.0,2583000.0,False,False,5000,False,False,False,On Time
SHP-00784,2026-01-23,2026-01-24,2026-01-25,2026-01-27,Tehran Central,Karaj,Pars Freight,Light Truck,46.7,4374.8,3289000.0,False,False,5000,False,False,False,Late
SHP-00736,2026-05-02,2026-05-02,2026-05-05,2026-05-05,Qazvin DC,Urmia,Shahin Cargo,Heavy Truck,557.7,12809.2,14539000.0,False,False,16000,False,False,False,On Time
SHP-00330,2026-04-11,2026-04-12,2026-04-14,2026-04-14,Tehran Central,Qom,Aras Transport,Light Truck,133.7,2481.5,3549000.0,False,False,5000,False,False,False,On Time
SHP-01056,2026-06-30,2026-07-01,2026-07-06,2026-07-06,Tabriz DC,Qom,Aras Transport,Heavy Truck,643.2,8767.4,15165000.0,False,False,16000,False,False,False,On Time
SHP-01149,2026-05-05,2026-05-06,2026-05-10,2026-05-10,Tabriz DC,Qom,Aras Transport,Light Truck,714.0,1737.4,9842000.0,False,False,5000,False,False,False,On Time
SHP-01118,2026-04-17,2026-04-16,2026-04-22,2026-04-24,Karaj Hub,Tabriz,Shahin Cargo,Pickup,603.8,162.6,6082000.0,True,False,1500,False,False,True,Invalid Date
SHP-00259,2026-02-01,2026-02-02,2026-02-05,2026-02-05,Tehran Central,Hamedan,Aras Transport,Heavy Truck,308.5,5019.0,6920000.0,False,False,16000,False,False,False,On Time
SHP-01176,2026-03-03,2026-03-04,2026-03-07,2026-03-08,Tehran Central,Hamedan,Rahbar Logistics,Heavy Truck,324.6,14955.4,10696000.0,False,False,16000,False,False,False,Late
SHP-00373,2026-03-16,2026-03-17,2026-03-19,2026-03-18,Karaj Hub,Zanjan,Pars Freight,Heavy Truck,274.4,14721.4,10251000.0,False,False,16000,False,False,False,On Time
SHP-01104,2026-01-28,2026-01-29,2026-02-02,2026-02-04,Tabriz DC,Isfahan,Shahin Cargo,Pickup,886.2,1392.9,9575000.0,False,False,1500,False,False,False,Late
SHP-00926,2026-06-21,2026-06-22,2026-06-23,2026-06-23,Tehran Central,Tehran,Rahbar Logistics,Light Truck,22.3,2678.4,1923000.0,False,False,5000,False,False,False,On Time
SHP-00143,2026-02-20,2026-02-20,2026-02-22,2026-02-22,Tehran Central,Karaj,Navid Express,Van,52.6,803.3,1343000.0,False,False,1000,False,False,False,On Time
SHP-00526,2026-02-26,2026-02-27,2026-03-01,2026-03-01,Tehran Central,Arak,Navid Express,Van,296.5,874.3,3124000.0,False,False,1000,False,False,False,On Time
SHP-01139,2026-05-15,2026-05-15,2026-05-16,2026-05-16,Qazvin DC,Qazvin,Aras Transport,Light Truck,13.5,3828.1,2589000.0,False,False,5000,False,False,False,On Time
SHP-01008,2026-04-02,2026-04-03,2026-04-05,2026-04-05,Tehran Central,Qazvin,Aras Transport,Heavy Truck,169.2,3688.2,4789000.0,False,False,16000,False,False,False,On Time
SHP-01122,2026-01-16,2026-01-18,2026-01-22,2026-01-21,Tehran Central,Mashhad,Navid Express,Heavy Truck,908.0,9164.9,20090000.0,False,False,16000,False,False,False,On Time
SHP-01424,2026-05-03,2026-05-04,2026-05-06,2026-05-06,Karaj Hub,Qazvin,Shahin Cargo,Light Truck,128.9,3907.1,3582000.0,False,False,5000,False,False,False,On Time
SHP-00441,2026-06-26,2026-06-27,2026-07-02,2026-07-03,Tabriz DC,Mashhad,Rahbar Logistics,Pickup,1599.1,655.6,15775000.0,False,False,1500,False,False,False,Late
SHP-00532,2026-01-30,2026-01-31,2026-02-03,2026-02-05,Tehran Central,Rasht,Pars Freight,Van,320.1,221.1,3342000.0,False,False,1000,False,False,False,Late
SHP-01202,2026-03-28,2026-03-29,2026-03-31,2026-03-31,Karaj Hub,Qazvin,Pars Freight,Light Truck,139.0,3321.8,2770000.0,False,False,5000,False,False,False,On Time
SHP-00227,2026-05-27,2026-05-29,2026-06-02,2026-06-02,Karaj Hub,Urmia,Aras Transport,Pickup,692.5,1076.6,7636000.0,False,False,1500,False,False,False,On Time
SHP-01037,2026-06-13,2026-06-14,2026-06-17,2026-06-17,Tabriz DC,Hamedan,Aras Transport,Heavy Truck,534.3,5317.3,11756000.0,False,False,16000,False,False,False,On Time
SHP-00229,2026-04-09,2026-04-10,2026-04-12,2026-04-14,Tehran Central,Arak,Aras Transport,Van,282.6,751.2,3086000.0,False,False,1000,False,False,False,Late
SHP-01280,2026-06-06,2026-06-06,2026-06-08,2026-06-08,Karaj Hub,Qazvin,Unknown,Heavy Truck,126.7,14376.8,7135000.0,False,False,16000,False,False,False,On Time
SHP-01450,2026-01-19,2026-01-20,2026-01-23,2026-01-24,Karaj Hub,Hamedan,Pars Freight,Pickup,335.6,680.0,4035000.0,False,False,1500,False,False,False,Late
SHP-00213,2026-05-23,2026-05-24,2026-05-28,2026-05-28,Qazvin DC,Urmia,Rahbar Logistics,Light Truck,632.7,3928.0,9963000.0,False,False,5000,False,False,False,On Time
SHP-00080,2026-05-02,2026-05-03,2026-05-06,2026-05-07,Tehran Central,Zanjan,Rahbar Logistics,Light Truck,322.2,4351.2,5724000.0,False,False,5000,False,False,False,Late
SHP-00149,2026-05-29,2026-05-31,2026-06-04,2026-06-06,Karaj Hub,Urmia,Pars Freight,Van,627.8,765.6,5829000.0,False,False,1000,False,False,False,Late
SHP-00815,2026-05-21,2026-05-22,2026-05-24,2026-05-26,Tehran Central,Qom,Pars Freight,Light Truck,149.5,1555.9,3373000.0,False,False,5000,False,False,False,Late
SHP-00904,2026-06-10,2026-06-10,2026-06-13,2026-06-13,Tehran Central,Zanjan,Pars Freight,Light Truck,315.7,4067.0,6095000.0,False,False,5000,False,False,False,On Time
SHP-00959,2026-06-25,2026-06-27,2026-06-30,2026-07-01,Tabriz DC,Arak,Aras Transport,Heavy Truck,585.1,11128.6,16716000.0,False,False,16000,False,False,False,Late
SHP-00672,2026-04-22,2026-04-23,2026-04-26,2026-04-26,Qazvin DC,Qom,Rahbar Logistics,Light Truck,288.7,1049.9,4889000.0,False,False,5000,False,False,False,On Time
SHP-01156,2026-04-17,2026-04-18,2026-04-20,2026-04-21,Tehran Central,Arak,Rahbar Logistics,Pickup,283.3,195.8,2787000.0,False,False,1500,False,False,False,Late
SHP-00556,2026-04-02,2026-04-03,2026-04-04,2026-04-05,Karaj Hub,Karaj,Navid Express,Van,27.4,460.4,949000.0,False,False,1000,False,False,False,Late
SHP-00908,2026-02-01,2026-02-02,2026-02-03,2026-02-03,Karaj Hub,Karaj,Unknown,Heavy Truck,32.4,7980.2,3530000.0,False,False,16000,False,False,False,On Time
SHP-00134,2026-04-12,2026-04-13,2026-04-16,2026-04-16,Tehran Central,Arak,Navid Express,Light Truck,273.9,2778.2,6001000.0,False,False,5000,False,False,False,On Time
SHP-01109,2026-06-20,2026-06-20,2026-06-23,2026-06-23,Qazvin DC,Qom,Rahbar Logistics,Van,306.0,690.6,3302000.0,False,False,1000,False,False,False,On Time
SHP-00824,2026-04-28,2026-04-28,2026-05-01,2026-05-01,Tabriz DC,Qazvin,Rahbar Logistics,Light Truck,458.1,4366.6,8843000.0,False,False,5000,False,False,False,On Time
SHP-00409,2026-06-19,2026-06-20,2026-06-23,2026-06-23,Qazvin DC,Qom,Navid Express,Light Truck,316.3,2657.1,5775000.0,False,False,5000,False,False,False,On Time
SHP-00369,2026-01-05,2026-01-06,2026-01-08,2026-01-10,Qazvin DC,Karaj,Pars Freight,Pickup,123.7,1376.7,2074000.0,False,False,1500,False,False,False,Late
SHP-00508,2026-02-14,2026-02-14,2026-02-18,2026-02-18,Tehran Central,Tabriz,Navid Express,Light Truck,606.4,1742.4,9374000.0,False,False,5000,False,False,False,On Time
SHP-01182,2026-06-17,2026-06-17,2026-06-21,2026-06-21,Tabriz DC,Qom,Navid Express,Heavy Truck,646.3,10630.7,15211000.0,False,False,16000,False,False,False,On Time
SHP-00505,2026-02-19,2026-02-19,2026-02-23,2026-02-23,Tehran Central,Urmia,Shahin Cargo,Pickup,752.2,583.8,6954000.0,False,False,1500,False,False,False,On Time
SHP-00348,2026-06-19,2026-06-20,2026-06-22,2026-06-22,Qazvin DC,Karaj,Rahbar Logistics,Heavy Truck,120.2,4326.7,3767000.0,False,False,16000,False,False,False,On Time
SHP-00387,2026-01-13,2026-01-13,2026-01-15,2026-01-17,Tehran Central,Qom,Rahbar Logistics,Pickup,146.4,295.0,1798000.0,False,False,1500,False,False,False,Late
SHP-00001,2026-01-17,2026-01-18,2026-01-22,2026-01-23,Tabriz DC,Karaj,Shahin Cargo,Pickup,579.9,1146.7,6299000.0,False,False,1500,False,False,False,Late
SHP-00361,2026-06-03,2026-06-04,2026-06-07,2026-06-07,Karaj Hub,Tabriz,Shahin Cargo,Light Truck,545.8,1482.1,8487000.0,False,False,5000,False,False,False,On Time
SHP-00895,2026-05-16,2026-05-17,2026-05-19,2026-05-18,Karaj Hub,Qazvin,Rahbar Logistics,Van,132.8,552.5,1638000.0,False,False,1000,False,False,False,On Time
SHP-00829,2026-06-06,2026-06-07,2026-06-10,2026-06-10,Qazvin DC,Isfahan,Navid Express,Light Truck,579.5,2862.5,8555000.0,False,False,5000,False,False,False,On Time
SHP-01416,2026-05-22,2026-05-24,2026-05-28,2026-05-28,Tabriz DC,Qom,Navid Express,Van,665.3,279.5,5463000.0,False,False,1000,False,False,False,On Time
SHP-00476,2026-05-23,2026-05-24,2026-05-28,2026-05-28,Tabriz DC,Qazvin,Rahbar Logistics,Heavy Truck,502.3,10977.4,14430000.0,False,False,16000,False,False,False,On Time
SHP-01281,2026-05-14,2026-05-15,2026-05-17,2026-05-16,Karaj Hub,Zanjan,Aras Transport,Light Truck,279.8,995.3,4454000.0,False,False,5000,False,False,False,On Time
SHP-00058,2026-01-28,2026-01-29,2026-02-02,2026-02-02,Tehran Central,Mashhad,Aras Transport,Light Truck,941.3,1455.7,13174000.0,False,False,5000,False,False,False,On Time
SHP-00638,2026-02-23,2026-02-24,2026-02-28,2026-02-27,Karaj Hub,Arak,Rahbar Logistics,Heavy Truck,305.7,5652.1,8816000.0,False,False,16000,False,False,False,On Time
SHP-01331,2026-03-23,2026-03-24,2026-03-27,2026-03-28,Qazvin DC,Urmia,Shahin Cargo,Light Truck,577.4,1572.5,9721000.0,False,False,5000,False,False,False,Late
SHP-01054,2026-06-23,2026-06-24,2026-06-27,2026-06-27,Qazvin DC,Tabriz,Rahbar Logistics,Light Truck,460.1,1308.4,7062000.0,False,False,5000,False,False,False,On Time
SHP-01371,2026-06-09,2026-06-10,2026-06-13,2026-06-15,Tabriz DC,Qazvin,Pars Freight,Heavy Truck,463.9,3243.0,9872000.0,False,False,16000,False,False,False,Late
SHP-00173,2026-05-20,2026-05-21,2026-05-22,2026-05-22,Tehran Central,Karaj,Navid Express,Heavy Truck,57.8,6291.2,3076000.0,False,False,16000,False,False,False,On Time
SHP-00451,2026-06-23,2026-06-24,2026-06-23,2026-06-28,Qazvin DC,Tehran,Aras Transport,Light Truck,153.7,3109.2,3290000.0,True,False,5000,False,False,True,Invalid Date
SHP-00126,2026-04-13,2026-04-14,2026-04-18,2026-04-18,Tabriz DC,Qom,Pars Freight,Van,681.5,126.4,6907000.0,False,False,1000,False,False,False,On Time
SHP-01180,2026-01-05,2026-01-06,2026-01-10,2026-01-10,Tehran Central,Isfahan,Pars Freight,Light Truck,442.5,1147.7,6408000.0,False,False,5000,False,False,False,On Time
SHP-00531,2026-04-19,2026-04-19,2026-04-22,2026-04-22,Tabriz DC,Hamedan,Pars Freight,Heavy Truck,492.2,6694.5,11455000.0,False,False,16000,False,False,False,On Time
SHP-00858,2026-01-11,2026-01-12,2026-01-15,2026-01-16,Qazvin DC,Arak,Navid Express,Heavy Truck,332.2,4088.8,7756000.0,False,False,16000,False,False,False,Late
SHP-00714,2026-05-19,2026-05-20,2026-05-23,2026-05-23,Tabriz DC,Hamedan,Aras Transport,Light Truck,518.7,1060.7,7654000.0,False,False,5000,False,False,False,On Time
SHP-00091,2026-03-20,2026-03-21,2026-03-24,2026-03-23,Tehran Central,Hamedan,Navid Express,Van,338.1,438.6,3963000.0,False,False,1000,False,False,False,On Time
SHP-01451,2026-02-23,2026-02-24,2026-02-26,2026-02-26,Tehran Central,Qom,Aras Transport,Light Truck,148.6,2832.4,4092000.0,False,False,5000,False,False,False,On Time
SHP-00182,2026-01-28,2026-01-29,2026-01-30,2026-01-30,Tehran Central,Tehran,Rahbar Logistics,Light Truck,25.3,816.5,1400000.0,False,False,5000,False,False,False,On Time
SHP-00876,2026-04-02,2026-04-02,2026-04-04,2026-04-05,Tehran Central,Qom,Rahbar Logistics,Van,142.7,384.4,1927000.0,False,False,1000,False,False,False,Late
SHP-01031,2026-03-30,2026-03-31,2026-04-02,2026-04-02,Tehran Central,Qom,Shahin Cargo,Van,153.7,223.7,1721000.0,False,False,1000,False,False,False,On Time
SHP-00787,2026-01-06,2026-01-07,2026-01-11,2026-01-12,Karaj Hub,Mashhad,Shahin Cargo,Light Truck,971.8,3079.2,12645000.0,False,False,5000,False,False,False,Late
SHP-00415,2026-01-04,2026-01-04,2026-01-06,2026-01-07,Qazvin DC,Rasht,Pars Freight,Light Truck,181.3,3322.4,3911000.0,False,False,5000,False,False,False,Late
SHP-00252,2026-03-31,2026-04-01,2026-04-04,2026-04-04,Tehran Central,Qom,Aras Transport,Heavy Truck,151.5,14626.4,7322000.0,False,False,16000,False,False,False,On Time
SHP-00070,2026-03-26,2026-03-27,2026-03-29,2026-03-29,Tehran Central,Qom,Navid Express,Heavy Truck,142.9,5243.2,5146000.0,False,False,16000,False,False,False,On Time
SHP-00804,2026-06-16,2026-06-17,2026-06-21,2026-06-23,Tabriz DC,Arak,Pars Freight,Heavy Truck,606.0,12511.9,16783000.0,False,False,16000,False,False,False,Late
SHP-00132,2026-04-11,2026-04-12,2026-04-15,2026-04-15,Qazvin DC,Arak,Shahin Cargo,Van,328.0,592.6,3389000.0,False,False,1000,False,False,False,On Time
SHP-00301,2026-03-07,2026-03-07,2026-03-09,2026-03-09,Tabriz DC,Tabriz,Shahin Cargo,Heavy Truck,21.8,7096.9,3774000.0,False,False,16000,False,False,False,On Time
SHP-01430,2026-05-23,2026-05-24,2026-05-26,2026-05-26,Qazvin DC,Hamedan,Pars Freight,Pickup,281.2,736.4,2973000.0,False,False,1500,False,False,False,On Time
SHP-00327,2026-02-12,2026-02-13,2026-02-14,2026-02-14,Karaj Hub,Tehran,Aras Transport,Light Truck,52.4,4110.4,2834000.0,False,False,5000,False,False,False,On Time
SHP-01465,2026-06-04,2026-06-05,2026-06-08,2026-06-08,Tabriz DC,Hamedan,Pars Freight,Van,566.1,549.4,5024000.0,False,False,1000,False,False,False,On Time
SHP-01114,2026-02-22,2026-02-23,2026-02-27,2026-02-28,Karaj Hub,Mashhad,Pars Freight,Light Truck,979.5,2301.9,12847000.0,False,False,5000,False,False,False,Late
SHP-00500,2026-03-19,2026-03-20,2026-03-22,2026-03-23,Tehran Central,Arak,Pars Freight,Pickup,297.3,1191.9,3876000.0,False,False,1500,False,False,False,Late
SHP-01378,2026-05-17,2026-05-19,2026-05-22,2026-05-22,Tehran Central,Arak,Navid Express,Heavy Truck,305.5,11554.7,9186000.0,False,False,16000,False,False,False,On Time
SHP-00833,2026-03-24,2026-03-25,2026-03-28,2026-03-28,Tehran Central,Isfahan,Navid Express,Pickup,454.4,866.6,5089000.0,False,False,1500,False,False,False,On Time
SHP-00365,2026-01-21,2026-01-21,2026-01-25,2026-01-25,Tehran Central,Tabriz,Navid Express,Van,728.2,190.6,6738000.0,False,False,1000,False,False,False,On Time
SHP-00496,2026-03-16,2026-03-17,2026-03-19,2026-03-19,Tehran Central,Arak,Pars Freight,Light Truck,270.3,1300.9,4922000.0,False,False,5000,False,False,False,On Time
SHP-01395,2026-02-09,2026-02-10,2026-02-14,2026-02-14,Tehran Central,Tabriz,Shahin Cargo,Light Truck,633.9,1442.0,8856000.0,False,False,5000,False,False,False,On Time
SHP-00339,2026-02-06,2026-02-07,2026-02-10,2026-02-10,Qazvin DC,Isfahan,Rahbar Logistics,Heavy Truck,597.6,11825.6,15360000.0,False,False,16000,False,False,False,On Time
SHP-00422,2026-05-06,2026-05-07,2026-05-08,2026-05-08,Tehran Central,Karaj,Rahbar Logistics,Pickup,52.9,1240.6,1758000.0,False,False,1500,False,False,False,On Time
SHP-00165,2026-03-17,2026-03-18,2026-03-21,2026-03-20,Karaj Hub,Hamedan,Navid Express,Heavy Truck,341.7,13621.6,11429000.0,False,False,16000,False,False,False,On Time
SHP-00029,2026-04-09,2026-04-10,2026-04-13,2026-04-14,Tehran Central,Zanjan,Pars Freight,Pickup,344.0,1249.6,4027000.0,False,False,1500,False,False,False,Late
SHP-00517,2026-06-09,2026-06-10,2026-06-13,2026-06-14,Tehran Central,Zanjan,Shahin Cargo,Pickup,334.2,1103.8,3984000.0,False,False,1500,False,False,False,Late
SHP-00194,2026-03-07,2026-03-08,2026-03-12,2026-03-12,Karaj Hub,Urmia,Aras Transport,Light Truck,722.8,1057.2,9914000.0,False,False,5000,False,False,False,On Time
SHP-01328,2026-01-16,2026-01-16,2026-01-20,2026-01-20,Karaj Hub,Mashhad,Navid Express,Light Truck,977.8,3246.9,14505000.0,False,False,5000,False,False,False,On Time
SHP-01362,2026-01-13,2026-01-14,2026-01-16,2026-01-16,Tehran Central,Qazvin,Navid Express,Heavy Truck,156.5,6981.2,5260000.0,False,False,16000,False,False,False,On Time
SHP-00946,2026-01-22,2026-01-23,2026-01-25,2026-01-26,Tabriz DC,Urmia,Aras Transport,Heavy Truck,141.7,3061.9,4032000.0,False,False,16000,False,False,False,Late
SHP-01361,2026-01-15,2026-01-16,2026-01-20,2026-01-20,Tehran Central,Tabriz,Pars Freight,Heavy Truck,639.1,5726.4,13704000.0,False,False,16000,False,False,False,On Time
SHP-00170,2026-01-05,2026-01-06,2026-01-09,2026-01-09,Qazvin DC,Tabriz,Shahin Cargo,Van,485.7,401.4,4218000.0,False,False,1000,False,False,False,On Time
SHP-00168,2026-01-31,2026-01-31,2026-02-02,2026-02-02,Tehran Central,Qazvin,Navid Express,Van,147.0,772.5,1685000.0,False,False,1000,False,False,False,On Time
SHP-00653,2026-02-06,2026-02-07,2026-02-09,2026-02-09,Tehran Central,Arak,Navid Express,Pickup,265.1,1013.6,3628000.0,False,False,1500,False,False,False,On Time
SHP-00174,2026-05-11,2026-05-12,2026-05-14,2026-05-14,Tehran Central,Hamedan,Navid Express,Heavy Truck,290.3,14910.4,10155000.0,False,False,16000,False,False,False,On Time
SHP-01214,2026-06-06,2026-06-07,2026-06-10,2026-06-11,Tehran Central,Isfahan,Pars Freight,Light Truck,457.5,2436.3,7539000.0,False,False,5000,False,False,False,Late
SHP-01401,2026-06-04,2026-06-05,2026-06-07,2026-06-06,Karaj Hub,Hamedan,Aras Transport,Light Truck,284.0,650.1,4309000.0,False,False,5000,False,False,False,On Time
SHP-00913,2026-03-10,2026-03-11,2026-03-14,2026-03-14,Tabriz DC,Hamedan,Rahbar Logistics,Heavy Truck,554.5,13531.5,14514000.0,False,False,16000,False,False,False,On Time
SHP-00492,2026-06-07,2026-06-07,2026-06-10,2026-06-11,Karaj Hub,Arak,Pars Freight,Pickup,287.0,540.1,3561000.0,False,False,1500,False,False,False,Late
SHP-00954,2026-03-19,2026-03-21,2026-03-24,2026-03-24,Karaj Hub,Isfahan,Pars Freight,Heavy Truck,443.4,10094.3,10144000.0,False,False,16000,False,False,False,On Time
SHP-00074,2026-01-24,2026-01-24,2026-01-26,2026-01-27,Karaj Hub,Tehran,Navid Express,Pickup,57.3,1084.0,1818000.0,False,False,1500,False,False,False,Late
SHP-01253,2026-01-14,2026-01-14,2026-01-18,2026-01-21,Tabriz DC,Isfahan,Pars Freight,Light Truck,897.6,4399.9,13321000.0,False,False,5000,False,False,False,Late
SHP-00588,2026-01-18,2026-01-19,2026-01-23,2026-01-23,Tehran Central,Urmia,Aras Transport,Light Truck,686.4,2722.3,9763000.0,False,False,5000,False,False,False,On Time
SHP-00751,2026-06-23,2026-06-24,2026-06-27,2026-06-28,Tehran Central,Zanjan,Aras Transport,Heavy Truck,316.3,11589.0,8798000.0,False,False,16000,False,False,False,Late
SHP-00658,2026-04-25,2026-04-26,2026-04-27,2026-04-27,Tehran Central,Tehran,Shahin Cargo,Pickup,22.8,931.9,1219000.0,False,False,1500,False,False,False,On Time
SHP-00843,2026-06-14,2026-06-15,2026-06-17,2026-06-17,Qazvin DC,Hamedan,Shahin Cargo,Pickup,258.5,709.9,3399000.0,False,False,1500,False,False,False,On Time
SHP-00235,2026-03-31,2026-04-01,2026-04-03,2026-04-03,Tehran Central,Tehran,Navid Express,Pickup,15.5,296.8,745000.0,False,False,1500,False,False,False,On Time
SHP-00733,2026-06-16,2026-06-17,2026-06-19,2026-06-19,Tehran Central,Arak,Rahbar Logistics,Pickup,269.6,1041.4,3054000.0,False,False,1500,False,False,False,On Time
SHP-00215,2026-05-14,2026-05-16,2026-05-19,2026-05-18,Tehran Central,Zanjan,Aras Transport,Van,341.5,472.1,3536000.0,False,False,1000,False,False,False,On Time
SHP-00163,2026-03-16,2026-03-17,2026-03-21,2026-03-23,Tehran Central,Rasht,Shahin Cargo,Van,322.5,448.0,3711000.0,False,False,1000,False,False,False,Late
SHP-00133,2026-01-17,2026-01-17,2026-01-21,2026-01-21,Tabriz DC,Mashhad,Navid Express,Heavy Truck,1506.6,9156.2,30698000.0,False,False,16000,False,False,False,On Time
SHP-01312,2026-03-04,2026-03-05,2026-03-08,2026-03-08,Karaj Hub,Zanjan,Aras Transport,Van,311.8,690.5,3723000.0,False,False,1000,False,False,False,On Time
SHP-00223,2026-05-08,2026-05-09,2026-05-13,2026-05-15,Karaj Hub,Tabriz,Aras Transport,Pickup,550.4,420.3,5529000.0,False,False,1500,False,False,False,Late
SHP-01228,2026-06-28,2026-06-29,2026-07-02,2026-07-02,Karaj Hub,Rasht,Rahbar Logistics,Light Truck,311.6,3482.3,5890000.0,False,False,5000,False,False,False,On Time
SHP-00935,2026-03-22,2026-03-23,2026-03-26,2026-03-25,Qazvin DC,Tabriz,Shahin Cargo,Pickup,486.7,976.0,5654000.0,False,False,1500,False,False,False,On Time
SHP-00186,2026-03-22,2026-03-21,2026-03-25,2026-03-25,Tehran Central,Tehran,Aras Transport,Heavy Truck,23.2,13593.9,5201000.0,True,False,16000,False,False,True,Invalid Date
SHP-00042,2026-05-18,2026-05-18,2026-05-21,2026-05-21,Karaj Hub,Tabriz,Rahbar Logistics,Heavy Truck,577.7,2950.8,13551000.0,False,False,16000,False,False,False,On Time
SHP-00693,2026-06-18,2026-06-19,2026-06-21,2026-06-23,Tehran Central,Qazvin,Pars Freight,Van,145.5,888.6,2047000.0,False,False,1000,False,False,False,Late
SHP-00109,2026-03-27,2026-03-29,2026-04-01,2026-04-01,Karaj Hub,Hamedan,Shahin Cargo,Light Truck,300.1,3192.7,5596000.0,False,False,5000,False,False,False,On Time
SHP-00039,2026-02-20,2026-02-22,2026-02-24,2026-02-24,Qazvin DC,Qom,Navid Express,Light Truck,295.5,691.1,4524000.0,False,False,5000,False,False,False,On Time
SHP-00995,2026-04-06,2026-04-07,2026-04-08,2026-04-08,Karaj Hub,Tehran,Pars Freight,Light Truck,54.8,1238.3,1674000.0,False,False,5000,False,False,False,On Time
SHP-01343,2026-01-22,2026-01-23,2026-01-24,2026-01-25,Tehran Central,Karaj,Pars Freight,Light Truck,59.6,4294.3,3220000.0,False,False,5000,False,False,False,Late
SHP-00484,2026-05-25,2026-05-25,2026-05-29,2026-05-29,Tabriz DC,Tehran,Rahbar Logistics,Pickup,612.7,209.0,6833000.0,False,False,1500,False,False,False,On Time
SHP-00469,2026-02-02,2026-02-03,2026-02-06,2026-02-07,Tabriz DC,Hamedan,Pars Freight,Pickup,550.1,1258.6,7531000.0,False,False,1500,False,False,False,Late
SHP-00891,2026-01-19,2026-01-20,2026-01-24,2026-01-24,Tabriz DC,Tehran,Pars Freight,Light Truck,670.2,2988.8,11503000.0,False,False,5000,False,False,False,On Time
SHP-00948,2026-01-25,2026-01-27,2026-01-30,2026-02-02,Tabriz DC,Hamedan,Shahin Cargo,Light Truck,581.1,2932.8,8993000.0,False,False,5000,False,False,False,Late
SHP-00025,2026-05-22,2026-05-23,2026-05-25,2026-05-27,Karaj Hub,Arak,Rahbar Logistics,Light Truck,291.4,565.1,4000000.0,False,False,5000,False,False,False,Late
SHP-01010,2026-04-05,2026-04-06,2026-04-09,2026-04-08,Tabriz DC,Arak,Rahbar Logistics,Pickup,560.8,915.8,6147000.0,False,False,1500,False,False,False,On Time
SHP-01193,2026-01-31,2026-02-01,2026-02-05,2026-02-05,Tabriz DC,Tehran,Rahbar Logistics,Heavy Truck,637.5,2686.7,10443000.0,False,False,16000,False,False,False,On Time
SHP-00069,2026-01-14,2026-01-15,2026-01-18,2026-01-18,Karaj Hub,Isfahan,Aras Transport,Heavy Truck,506.4,8730.150000000001,12669000.0,False,False,16000,False,False,False,On Time
SHP-00885,2026-05-28,2026-05-29,2026-06-02,2026-06-02,Tehran Central,Mashhad,Navid Express,Light Truck,871.5,4473.3,15590000.0,False,False,5000,False,False,False,On Time
SHP-01355,2026-02-09,2026-02-10,2026-02-13,2026-02-13,Karaj Hub,Tabriz,Navid Express,Light Truck,588.4,2185.0,7644000.0,False,False,5000,False,False,False,On Time
SHP-00367,2026-03-26,2026-03-28,2026-03-31,2026-03-31,Tehran Central,Zanjan,Aras Transport,Light Truck,308.5,525.4,4826000.0,False,False,5000,False,False,False,On Time
SHP-00506,2026-03-24,2026-03-26,2026-03-28,2026-03-28,Qazvin DC,Karaj,Rahbar Logistics,Heavy Truck,125.9,11586.1,6498000.0,False,False,16000,False,False,False,On Time
SHP-00851,2026-06-27,2026-06-28,2026-07-02,2026-07-02,Qazvin DC,Mashhad,Rahbar Logistics,Light Truck,1089.2,1112.6,12156000.0,False,False,5000,False,False,False,On Time
SHP-01316,2026-02-24,2026-02-26,2026-03-01,2026-03-01,Tehran Central,Tabriz,Aras Transport,Heavy Truck,461.8,9240.1,11293000.0,False,False,16000,False,False,False,On Time
SHP-00384,2026-02-13,2026-02-14,2026-02-18,2026-02-18,Tehran Central,Tabriz,Navid Express,Heavy Truck,635.1,12408.3,17736000.0,False,False,16000,False,False,False,On Time
SHP-00735,2026-02-07,2026-02-09,2026-02-11,2026-02-12,Tehran Central,Arak,Navid Express,Pickup,288.0,430.7,3353000.0,False,False,1500,False,False,False,Late
SHP-00718,2026-03-31,2026-04-01,2026-04-05,2026-04-04,Qazvin DC,Qom,Rahbar Logistics,Pickup,309.3,845.9,3224000.0,False,False,1500,False,False,False,On Time
SHP-01336,2026-06-30,2026-06-30,2026-07-02,2026-07-03,Qazvin DC,Tehran,Aras Transport,Van,143.6,120.3,1595000.0,False,False,1000,False,False,False,Late
SHP-00455,2026-04-19,2026-04-20,2026-04-24,2026-04-24,Tabriz DC,Isfahan,Navid Express,Light Truck,913.9,1479.5,12438000.0,False,False,5000,False,False,False,On Time
SHP-00265,2026-06-29,2026-06-30,2026-07-04,2026-07-04,Tehran Central,Urmia,Shahin Cargo,Light Truck,801.0,2490.7,13160000.0,False,False,5000,False,False,False,On Time
SHP-00076,2026-03-28,2026-03-29,2026-04-01,2026-04-01,Tehran Central,Zanjan,Navid Express,Pickup,337.0,580.6,3572000.0,False,False,1500,False,False,False,On Time
SHP-00915,2026-04-18,2026-04-19,2026-04-23,2026-04-24,Tabriz DC,Isfahan,Pars Freight,Van,946.6,684.1,8818000.0,False,False,1000,False,False,False,Late
SHP-00233,2026-01-04,2026-01-05,2026-01-10,2026-01-10,Tehran Central,Mashhad,Navid Express,Light Truck,1026.2,2366.8,13630000.0,False,False,5000,False,False,False,On Time
SHP-00445,2026-04-03,2026-04-04,2026-04-05,2026-04-05,Tehran Central,Tehran,Aras Transport,Van,31.6,656.8,983000.0,False,False,1000,False,False,False,On Time
SHP-00396,2026-06-08,2026-06-09,2026-06-13,2026-06-13,Qazvin DC,Urmia,Rahbar Logistics,Light Truck,608.0,1512.0,8891000.0,False,False,5000,False,False,False,On Time
SHP-00612,2026-03-25,2026-03-26,2026-03-28,2026-03-29,Karaj Hub,Rasht,Pars Freight,Heavy Truck,296.5,14667.3,10617000.0,False,False,16000,False,False,False,Late
SHP-00177,2026-05-10,2026-05-10,2026-05-12,2026-05-12,Qazvin DC,Qazvin,Aras Transport,Light Truck,22.7,3391.3,2333000.0,False,False,5000,False,False,False,On Time
SHP-00019,2026-06-01,2026-06-02,2026-06-06,2026-06-06,Karaj Hub,Urmia,Unknown,Pickup,701.0,262.9,7481000.0,False,False,1500,False,False,False,On Time
SHP-01311,2026-04-05,2026-04-06,2026-04-10,2026-04-11,Tehran Central,Mashhad,Rahbar Logistics,Light Truck,908.7,1771.5,12635000.0,False,False,5000,False,False,False,Late
SHP-01222,2026-04-11,2026-04-12,2026-04-14,2026-04-14,Karaj Hub,Qom,Rahbar Logistics,Van,179.0,166.6,2037000.0,False,False,1000,False,False,False,On Time
SHP-00342,2026-02-22,2026-02-23,2026-02-24,2026-02-25,Karaj Hub,Karaj,Aras Transport,Light Truck,20.8,3136.4,1968000.0,False,False,5000,False,False,False,Late
SHP-01348,2026-05-07,2026-05-08,2026-05-12,2026-05-13,Tabriz DC,Qom,Aras Transport,Light Truck,703.9,4183.8,9653000.0,False,False,5000,False,False,False,Late
SHP-00880,2026-04-25,2026-04-26,2026-04-29,2026-04-30,Qazvin DC,Tabriz,Shahin Cargo,Light Truck,490.7,1502.8,7379000.0,False,False,5000,False,False,False,Late
SHP-00596,2026-05-26,2026-05-26,2026-05-30,2026-05-30,Tabriz DC,Mashhad,Navid Express,Light Truck,1400.9,1695.2,18776000.0,False,False,5000,False,False,False,On Time
SHP-00062,2026-05-15,2026-05-16,2026-05-19,2026-05-19,Tehran Central,Isfahan,Pars Freight,Pickup,434.8,443.3,4918000.0,False,False,1500,False,False,False,On Time
SHP-01261,2026-02-18,2026-02-19,2026-02-21,2026-02-23,Tabriz DC,Zanjan,Aras Transport,Light Truck,289.5,3942.5,5942000.0,False,False,5000,False,False,False,Late
SHP-00273,2026-01-28,2026-01-29,2026-02-01,2026-02-01,Tehran Central,Hamedan,Navid Express,Light Truck,318.2,2936.8,6170000.0,False,False,5000,False,False,False,On Time
SHP-01209,2026-02-21,2026-02-22,2026-02-25,2026-02-27,Tehran Central,Isfahan,Pars Freight,Light Truck,405.9,555.3,6392000.0,False,False,5000,False,False,False,Late
SHP-00873,2026-01-21,2026-01-22,2026-01-26,2026-01-28,Tehran Central,Urmia,Pars Freight,Heavy Truck,740.2,11627.0,16487000.0,False,False,16000,False,False,False,Late
SHP-01121,2026-01-03,2026-01-04,2026-01-07,2026-01-07,Qazvin DC,Arak,Shahin Cargo,Pickup,323.1,374.6,4322000.0,False,False,1500,False,False,False,On Time
SHP-01407,2026-03-04,2026-03-05,2026-03-08,2026-03-08,Karaj Hub,Zanjan,Navid Express,Pickup,319.2,1014.5,4117000.0,False,False,1500,False,False,False,On Time
SHP-00279,2026-01-12,2026-01-12,2026-01-14,2026-01-14,Qazvin DC,Tehran,Rahbar Logistics,Heavy Truck,136.9,5715.0,4620000.0,False,False,16000,False,False,False,On Time
SHP-00037,2026-06-05,2026-06-06,2026-06-09,2026-06-09,Karaj Hub,Tabriz,Navid Express,Pickup,569.5,774.6,6067000.0,False,False,1500,False,False,False,On Time
SHP-00663,2026-01-07,2026-01-09,2026-01-10,2026-01-10,Qazvin DC,Qazvin,Pars Freight,Light Truck,26.0,2864.8,1866000.0,False,False,5000,False,False,False,On Time
SHP-01352,2026-03-13,2026-03-14,2026-03-15,2026-03-16,Tehran Central,Karaj,Aras Transport,Heavy Truck,52.8,12613.3,6476000.0,False,False,16000,False,False,False,Late
SHP-01090,2026-01-26,2026-01-27,2026-01-31,2026-01-31,Tabriz DC,Tehran,Shahin Cargo,Pickup,638.0,491.0,6380000.0,False,False,1500,False,False,False,On Time
SHP-00978,2026-04-14,2026-04-15,2026-04-19,2026-04-19,Qazvin DC,Mashhad,Pars Freight,Pickup,1083.3,208.0,10304000.0,False,False,1500,False,False,False,On Time
SHP-00739,2026-05-14,2026-05-15,2026-05-18,2026-05-19,Karaj Hub,Zanjan,Rahbar Logistics,Heavy Truck,303.8,6576.2,8958000.0,False,False,16000,False,False,False,Late
SHP-00192,2026-04-25,2026-04-25,2026-04-29,2026-05-01,Tehran Central,Mashhad,Shahin Cargo,Heavy Truck,955.6,3055.1,21412000.0,False,False,16000,False,False,False,Late
SHP-00920,2026-04-26,2026-04-26,2026-04-28,2026-04-28,Qazvin DC,Rasht,Aras Transport,Pickup,210.2,965.0,2839000.0,False,False,1500,False,False,False,On Time
SHP-00457,2026-01-27,2026-01-28,2026-01-30,2026-01-31,Karaj Hub,Rasht,Aras Transport,Pickup,297.2,166.7,3181000.0,False,False,1500,False,False,False,Late
SHP-00676,2026-05-12,2026-05-13,2026-05-15,2026-05-14,Qazvin DC,Zanjan,Navid Express,Light Truck,183.6,2544.0,3976000.0,False,False,5000,False,False,False,On Time
SHP-00761,2026-02-01,2026-02-01,2026-02-05,2026-02-05,Tabriz DC,Arak,Shahin Cargo,Light Truck,637.4,4425.5,9286000.0,False,False,5000,False,False,False,On Time
SHP-01353,2026-03-31,2026-04-01,2026-04-03,2026-04-03,Tehran Central,Qazvin,Aras Transport,Light Truck,167.0,3105.6,4252000.0,False,False,5000,False,False,False,On Time
SHP-00729,2026-03-30,2026-03-30,2026-04-01,2026-04-01,Tehran Central,Tehran,Rahbar Logistics,Pickup,22.4,331.1,835000.0,False,False,1500,False,False,False,On Time
SHP-00413,2026-02-20,2026-02-22,2026-02-26,2026-02-27,Tabriz DC,Isfahan,Aras Transport,Light Truck,950.2,4439.3,14494000.0,False,False,5000,False,False,False,Late
SHP-00826,2026-01-17,2026-01-18,2026-01-21,2026-01-21,Qazvin DC,Isfahan,Navid Express,Light Truck,532.4,2637.5,9947000.0,False,False,5000,False,False,False,On Time
SHP-00617,2026-02-15,2026-02-16,2026-02-19,2026-02-21,Qazvin DC,Tabriz,Pars Freight,Light Truck,462.1,4402.7,8391000.0,False,False,5000,False,False,False,Late
SHP-00115,2026-04-02,2026-04-03,2026-04-06,2026-04-06,Qazvin DC,Urmia,Pars Freight,Light Truck,588.1,3325.4,8754000.0,False,False,5000,False,False,False,On Time
SHP-00418,2026-01-23,2026-01-24,2026-01-26,2026-01-27,Tehran Central,Qom,Pars Freight,Light Truck,164.8,3357.8,4101000.0,False,False,5000,False,False,False,Late
SHP-01429,2026-02-18,2026-02-18,2026-02-22,2026-02-23,Karaj Hub,Tabriz,Aras Transport,Light Truck,601.9,3476.7,11612000.0,False,False,5000,False,False,False,Late
SHP-00970,2026-01-07,2026-01-09,2026-01-12,2026-01-12,Karaj Hub,Qom,Navid Express,Heavy Truck,200.1,2566.5,5137000.0,False,False,16000,False,False,False,On Time
SHP-01435,2026-02-27,2026-02-28,2026-03-03,2026-03-04,Karaj Hub,Isfahan,Pars Freight,Light Truck,523.3,2252.8,6775000.0,False,False,5000,False,False,False,Late
SHP-00849,2026-05-29,2026-05-30,2026-06-02,2026-06-01,Tehran Central,Hamedan,Rahbar Logistics,Light Truck,,2359.8,7389000.0,False,True,5000,False,False,True,On Time
SHP-01146,2026-03-29,2026-03-30,2026-04-01,2026-04-02,Karaj Hub,Qom,Shahin Cargo,Heavy Truck,166.9,4250.0,4534000.0,False,False,16000,False,False,False,Late
SHP-01434,2026-04-12,2026-04-13,2026-04-14,2026-04-14,Tehran Central,Tehran,Aras Transport,Light Truck,19.5,3876.7,2512000.0,False,False,5000,False,False,False,On Time
SHP-00754,2026-06-19,2026-06-20,2026-06-23,2026-06-23,Qazvin DC,Isfahan,Pars Freight,Light Truck,524.5,1281.0,7146000.0,False,False,5000,False,False,False,On Time
SHP-00499,2026-06-17,2026-06-18,2026-06-20,2026-06-20,Tabriz DC,Urmia,Aras Transport,Light Truck,151.6,2098.5,3483000.0,False,False,5000,False,False,False,On Time
SHP-00012,2026-06-26,2026-06-27,2026-07-02,2026-07-02,Tehran Central,Mashhad,Navid Express,Pickup,911.4,408.6,8964000.0,False,False,1500,False,False,False,On Time
SHP-00397,2026-01-09,2026-01-10,2026-01-13,2026-01-14,Karaj Hub,Rasht,Pars Freight,Light Truck,319.0,1996.0,5990000.0,False,False,5000,False,False,False,Late
SHP-00285,2026-03-21,2026-03-23,2026-03-26,2026-03-26,Karaj Hub,Hamedan,Aras Transport,Pickup,338.1,674.8,4175000.0,False,False,1500,False,False,False,On Time
SHP-00691,2026-06-30,2026-07-01,2026-07-03,2026-07-05,Karaj Hub,Qom,Aras Transport,Light Truck,180.3,3329.9,4021000.0,False,False,5000,False,False,False,Late
SHP-01231,2026-05-29,2026-05-31,2026-06-04,2026-06-04,Tehran Central,Urmia,Shahin Cargo,Pickup,745.1,1047.6,7327000.0,False,False,1500,False,False,False,On Time
SHP-01404,2026-02-28,2026-02-28,2026-03-04,2026-03-06,Tabriz DC,Mashhad,Rahbar Logistics,Light Truck,1541.6,4428.6,20830000.0,False,False,5000,False,False,False,Late
SHP-00690,2026-05-22,2026-05-24,2026-05-27,2026-05-27,Tehran Central,Tabriz,Aras Transport,Heavy Truck,597.2,5447.8,12403000.0,False,False,16000,False,False,False,On Time
SHP-00852,2026-05-26,2026-05-27,2026-05-28,2026-05-28,Tehran Central,Tehran,Rahbar Logistics,Light Truck,22.5,1381.1,1519000.0,False,False,5000,False,False,False,On Time
SHP-00160,2026-05-22,2026-05-23,2026-05-26,2026-05-26,Tabriz DC,Qazvin,Aras Transport,Light Truck,528.6,2691.2,8816000.0,False,False,5000,False,False,False,On Time
SHP-00896,2026-04-21,2026-04-22,2026-04-26,2026-04-26,Karaj Hub,Urmia,Pars Freight,Light Truck,680.9,3073.5,11188000.0,False,False,5000,False,False,False,On Time
SHP-01190,2026-01-02,2026-01-03,2026-01-07,2026-01-07,Tehran Central,Urmia,Shahin Cargo,Light Truck,748.7,2989.2,10638000.0,False,False,5000,False,False,False,On Time
SHP-00258,2026-01-19,2026-01-20,2026-01-24,2026-01-24,Tabriz DC,Karaj,Aras Transport,Pickup,620.9,1061.3,7983000.0,False,False,1500,False,False,False,On Time
SHP-00336,2026-05-27,2026-05-27,2026-05-30,2026-05-31,Qazvin DC,Tabriz,Navid Express,Van,451.2,886.7,4931000.0,False,False,1000,False,False,False,Late
SHP-01408,2026-06-08,2026-06-08,2026-06-12,2026-06-12,Tabriz DC,Mashhad,Shahin Cargo,Pickup,1636.3,533.2,17573000.0,False,False,1500,False,False,False,On Time
SHP-01040,2026-05-30,2026-05-31,2026-06-04,2026-06-04,Tabriz DC,Qazvin,Navid Express,Light Truck,466.4,3595.0,7645000.0,False,False,5000,False,False,False,On Time
SHP-00516,2026-01-20,2026-01-21,2026-01-22,2026-01-22,Tehran Central,Karaj,Navid Express,Pickup,57.5,791.0,1470000.0,False,False,1500,False,False,False,On Time
SHP-01016,2026-06-01,2026-06-01,2026-06-04,2026-06-04,Tabriz DC,Qazvin,Pars Freight,Light Truck,444.9,4203.4,7707000.0,False,False,5000,False,False,False,On Time
SHP-00769,2026-01-26,2026-01-28,2026-01-29,2026-01-29,Karaj Hub,Karaj,Pars Freight,Light Truck,19.6,540.7,1219000.0,False,False,5000,False,False,False,On Time
SHP-01317,2026-05-09,2026-05-09,2026-05-11,2026-05-11,Tehran Central,Qom,Aras Transport,Light Truck,145.0,931.0,2585000.0,False,False,5000,False,False,False,On Time
SHP-00762,2026-04-11,2026-04-12,2026-04-14,2026-04-14,Qazvin DC,Rasht,Rahbar Logistics,Light Truck,168.6,1965.6,3370000.0,False,False,5000,False,False,False,On Time
SHP-01103,2026-06-16,2026-06-17,2026-06-20,2026-06-20,Karaj Hub,Isfahan,Aras Transport,Light Truck,507.1,517.8,6640000.0,False,False,5000,False,False,False,On Time
SHP-00522,2026-01-27,2026-01-28,2026-01-31,,Tabriz DC,Hamedan,Navid Express,Light Truck,580.8,3583.4,9027000.0,False,False,5000,False,False,False,Missing Delivery Record
SHP-00023,2026-02-03,2026-02-03,2026-02-06,2026-02-08,Qazvin DC,Isfahan,Aras Transport,Heavy Truck,550.1,9368.2,13360000.0,False,False,16000,False,False,False,Late
SHP-00357,2026-01-28,2026-01-29,2026-02-03,2026-02-03,Tabriz DC,Qom,Navid Express,Light Truck,710.5,616.8,10428000.0,False,False,5000,False,False,False,On Time
SHP-01272,2026-01-20,2026-01-21,2026-01-25,2026-01-25,Karaj Hub,Urmia,Rahbar Logistics,Pickup,729.5,540.5,8187000.0,False,False,1500,False,False,False,On Time
SHP-00341,2026-04-25,2026-04-26,2026-04-27,2026-04-26,Tehran Central,Tehran,Navid Express,Pickup,26.5,1092.8,1039000.0,False,False,1500,False,False,False,On Time
SHP-00432,2026-05-14,2026-05-15,2026-05-17,2026-05-17,Qazvin DC,Karaj,Aras Transport,Light Truck,130.0,4203.5,3269000.0,False,False,5000,False,False,False,On Time
SHP-00474,2026-03-26,2026-03-27,2026-03-28,2026-03-28,Tehran Central,Karaj,Aras Transport,Pickup,61.1,503.1,1372000.0,False,False,1500,False,False,False,On Time
SHP-00218,2026-01-18,2026-01-19,2026-01-21,2026-01-21,Tehran Central,Qazvin,Aras Transport,Pickup,154.3,903.9,2395000.0,False,False,1500,False,False,False,On Time
SHP-00912,2026-02-03,2026-02-04,2026-02-07,2026-02-07,Tehran Central,Isfahan,Rahbar Logistics,Light Truck,423.1,1478.7,6881000.0,False,False,5000,False,False,False,On Time
SHP-01205,2026-04-28,2026-04-29,2026-05-01,2026-05-01,Tehran Central,Qom,Pars Freight,Light Truck,136.6,3261.2,3608000.0,False,False,5000,False,False,False,On Time
SHP-01012,2026-05-25,2026-05-26,2026-05-31,2026-06-01,Tabriz DC,Mashhad,Shahin Cargo,Light Truck,1551.2,2501.3,21927000.0,False,False,5000,False,False,False,Late
SHP-01459,2026-02-17,2026-02-17,2026-02-21,2026-02-23,Tehran Central,Mashhad,Aras Transport,Van,908.1,496.5,8366000.0,False,False,1000,False,False,False,Late
SHP-00094,2026-03-12,2026-03-14,2026-03-18,2026-03-19,Qazvin DC,Urmia,Rahbar Logistics,Light Truck,612.6,968.7,8262000.0,False,False,5000,False,False,False,Late
SHP-01009,2026-05-13,2026-05-14,2026-05-17,2026-05-19,Qazvin DC,Qom,Shahin Cargo,Van,303.5,620.5,3150000.0,False,False,1000,False,False,False,Late
SHP-01071,2026-05-03,2026-05-04,2026-05-08,2026-05-09,Tabriz DC,Mashhad,Rahbar Logistics,Van,1540.1,168.5,13927000.0,False,False,1000,False,False,False,Late
SHP-00697,2026-05-11,2026-05-12,2026-05-17,2026-05-18,Karaj Hub,Urmia,Shahin Cargo,Van,751.5,570.2,6950000.0,False,False,1000,False,False,False,Late
SHP-00997,2026-04-06,2026-04-06,2026-04-08,2026-04-08,Tehran Central,Hamedan,Rahbar Logistics,Pickup,298.2,412.6,3396000.0,False,False,1500,False,False,False,On Time
SHP-00154,2026-02-23,2026-02-23,2026-02-25,2026-02-25,Tehran Central,Qazvin,Shahin Cargo,Heavy Truck,165.8,5575.7,5626000.0,False,False,16000,False,False,False,On Time
SHP-01300,2026-01-06,2026-01-07,2026-01-11,2026-01-11,Tehran Central,Urmia,Navid Express,Light Truck,740.5,724.6,8774000.0,False,False,5000,False,False,False,On Time
SHP-00790,2026-01-03,2026-01-04,2026-01-08,2026-01-09,Tabriz DC,Mashhad,Navid Express,Light Truck,1393.6,3734.8,22302000.0,False,False,5000,False,False,False,Late
SHP-00581,2026-01-17,2026-01-18,2026-01-21,2026-01-21,Tabriz DC,Arak,Pars Freight,Van,548.0,644.7,5504000.0,False,False,1000,False,False,False,On Time
SHP-00704,2026-02-01,2026-02-01,2026-02-04,2026-02-04,Qazvin DC,Tehran,Aras Transport,Heavy Truck,160.5,3938.1,5436000.0,False,False,16000,False,False,False,On Time
SHP-01259,2026-04-08,2026-04-09,2026-04-13,2026-04-13,Tehran Central,Urmia,Aras Transport,Light Truck,763.0,1807.5,10732000.0,False,False,5000,False,False,False,On Time
SHP-00488,2026-04-07,2026-04-08,2026-04-11,2026-04-11,Qazvin DC,Qom,Shahin Cargo,Light Truck,303.5,3813.1,6082000.0,False,False,5000,False,False,False,On Time
SHP-00560,2026-06-04,2026-06-05,2026-06-09,2026-06-09,Tehran Central,Urmia,Shahin Cargo,Light Truck,755.1,1006.6,11144000.0,False,False,5000,False,False,False,On Time
SHP-00802,2026-02-24,2026-02-26,2026-03-02,2026-03-03,Tabriz DC,Karaj,Aras Transport,Pickup,609.4,722.1,6549000.0,False,False,1500,False,False,False,Late
SHP-00513,2026-06-02,2026-06-03,2026-06-05,2026-06-05,Tehran Central,Qom,Aras Transport,Pickup,144.4,499.1,2334000.0,False,False,1500,False,False,False,On Time
SHP-00634,2026-03-10,2026-03-11,2026-03-14,2026-03-14,Tehran Central,Qom,Pars Freight,Pickup,156.4,597.2,2278000.0,False,False,1500,False,False,False,On Time
SHP-01111,2026-04-25,2026-04-25,2026-04-28,2026-04-30,Tabriz DC,Rasht,Shahin Cargo,Light Truck,480.8,2285.4,7631000.0,False,False,5000,False,False,False,Late
SHP-01287,2026-06-14,2026-06-15,2026-06-16,2026-06-15,Tehran Central,Tehran,Pars Freight,Van,19.4,536.7,752000.0,False,False,1000,False,False,False,On Time
SHP-00791,2026-01-18,2026-01-19,2026-01-22,2026-01-22,Tehran Central,Rasht,Shahin Cargo,Pickup,358.3,913.1,4096000.0,False,False,1500,False,False,False,On Time
SHP-00117,2026-01-07,2026-01-08,2026-01-09,2026-01-09,Tehran Central,Tehran,Pars Freight,Light Truck,22.0,1974.6,2006000.0,False,False,5000,False,False,False,On Time
SHP-00741,2026-05-28,2026-05-29,2026-05-31,,Karaj Hub,Karaj,Navid Express,Light Truck,19.2,3593.4,2330000.0,False,False,5000,False,False,False,Missing Delivery Record
SHP-01082,2026-06-29,2026-06-29,2026-07-02,2026-07-02,Tabriz DC,Urmia,Aras Transport,Light Truck,159.8,2534.2,3583000.0,False,False,5000,False,False,False,On Time
SHP-00831,2026-02-14,2026-02-14,2026-02-17,2026-02-17,Karaj Hub,Zanjan,Shahin Cargo,Van,312.9,411.3,3301000.0,False,False,1000,False,False,False,On Time
SHP-00120,2026-01-21,2026-01-22,2026-01-25,2026-01-26,Tehran Central,Qom,Rahbar Logistics,Light Truck,143.6,1777.5,3423000.0,False,False,5000,False,False,False,Late
SHP-00657,2026-05-19,2026-05-19,2026-05-22,2026-05-22,Qazvin DC,Qom,Shahin Cargo,Light Truck,317.3,2817.4,6197000.0,False,False,5000,False,False,False,On Time
SHP-00636,2026-05-05,2026-05-06,2026-05-09,2026-05-08,Tehran Central,Zanjan,Rahbar Logistics,Heavy Truck,336.5,10480.1,8797000.0,False,False,16000,False,False,False,On Time
SHP-00370,2026-05-20,2026-05-21,2026-05-22,2026-05-22,Tehran Central,Tehran,Aras Transport,Light Truck,23.0,4471.3,2659000.0,False,False,5000,False,False,False,On Time
SHP-00269,2026-04-21,2026-04-23,2026-04-25,2026-04-25,Tehran Central,Arak,Aras Transport,Van,267.9,207.3,2720000.0,False,False,1000,False,False,False,On Time
SHP-00656,2026-04-07,2026-04-07,2026-04-09,2026-04-09,Qazvin DC,Hamedan,Shahin Cargo,Light Truck,267.4,1326.8,4492000.0,False,False,5000,False,False,False,On Time
SHP-00936,2026-06-20,2026-06-21,2026-06-24,2026-06-26,Tehran Central,Zanjan,Rahbar Logistics,Van,346.9,263.4,3745000.0,False,False,1000,False,False,False,Late
SHP-00823,2026-01-25,2026-01-27,2026-01-30,2026-01-30,Karaj Hub,Tabriz,Aras Transport,Light Truck,572.8,1615.5,,False,True,5000,False,False,True,On Time
SHP-00867,2026-05-29,2026-05-30,2026-06-01,2026-06-01,Tehran Central,Qazvin,Navid Express,Light Truck,157.1,506.9,2601000.0,False,False,5000,False,False,False,On Time
SHP-00047,2026-03-22,2026-03-23,2026-03-26,2026-03-26,Qazvin DC,Arak,Aras Transport,Van,328.6,402.7,3200000.0,False,False,1000,False,False,False,On Time
SHP-01291,2026-02-12,2026-02-13,2026-02-15,2026-02-16,Karaj Hub,Arak,Shahin Cargo,Heavy Truck,279.9,7027.3,7701000.0,False,False,16000,False,False,False,Late
SHP-00992,2026-04-10,2026-04-11,2026-04-14,2026-04-15,Tehran Central,Hamedan,Pars Freight,Pickup,331.3,1356.4,4540000.0,False,False,1500,False,False,False,Late
SHP-00877,2026-04-08,2026-04-09,2026-04-10,2026-04-10,Tabriz DC,Tabriz,Rahbar Logistics,Heavy Truck,30.5,10072.9,4195000.0,False,False,16000,False,False,False,On Time
SHP-00774,2026-05-10,2026-05-11,2026-05-14,2026-05-14,Tehran Central,Isfahan,Navid Express,Light Truck,417.5,3430.0,7118000.0,False,False,5000,False,False,False,On Time
SHP-00005,2026-03-20,2026-03-21,2026-03-24,2026-03-20,Karaj Hub,Rasht,Rahbar Logistics,Pickup,306.7,319.2,3298000.0,True,False,1500,False,False,True,Invalid Date
SHP-01004,2026-06-10,2026-06-11,2026-06-14,2026-06-14,Karaj Hub,Isfahan,Pars Freight,Pickup,450.3,1022.7,4947000.0,False,False,1500,False,False,False,On Time
SHP-01302,2026-03-14,2026-03-15,2026-03-19,2026-03-21,Qazvin DC,Mashhad,Shahin Cargo,Light Truck,1128.9,3203.9,17938000.0,False,False,5000,False,False,False,Late
SHP-00264,2026-06-17,2026-06-18,2026-06-21,2026-06-21,Qazvin DC,Isfahan,Navid Express,Pickup,507.7,606.0,5669000.0,False,False,1500,False,False,False,On Time
SHP-01334,2026-05-27,2026-05-28,2026-05-31,2026-06-01,Tehran Central,Rasht,Shahin Cargo,Heavy Truck,325.8,10120.1,8735000.0,False,False,16000,False,False,False,Late
SHP-01443,2026-06-19,2026-06-20,2026-06-23,2026-06-23,Qazvin DC,Tabriz,Rahbar Logistics,Van,472.2,330.3,4113000.0,False,False,1000,False,False,False,On Time
SHP-00444,2026-03-30,2026-03-30,2026-03-31,2026-04-02,Tehran Central,Tehran,Pars Freight,Van,21.6,790.3,942000.0,False,False,1000,False,False,False,Late
SHP-01003,2026-04-12,2026-04-13,2026-04-15,2026-04-15,Tehran Central,Qom,Aras Transport,Pickup,153.6,467.6,2221000.0,False,False,1500,False,False,False,On Time
SHP-01078,2026-01-31,2026-02-01,2026-02-03,2026-02-05,Tabriz DC,Urmia,Pars Freight,Van,151.4,876.8,2249000.0,False,False,1000,False,False,False,Late
SHP-00838,2026-02-05,2026-02-06,2026-02-10,2026-02-05,Karaj Hub,Mashhad,Aras Transport,Pickup,860.8,156.9,8894000.0,True,False,1500,False,False,True,Invalid Date
SHP-01340,2026-03-15,2026-03-16,2026-03-17,2026-03-17,Karaj Hub,Karaj,Navid Express,Heavy Truck,18.1,6852.7,3370000.0,False,False,16000,False,False,False,On Time
SHP-00305,2026-04-09,2026-04-10,2026-04-12,2026-04-12,Tehran Central,Tehran,Aras Transport,Light Truck,19.9,2588.4,2014000.0,False,False,5000,False,False,False,On Time
SHP-01175,2026-01-02,2026-01-02,2026-01-04,2026-01-04,Qazvin DC,Rasht,Navid Express,Light Truck,161.0,1747.3,3516000.0,False,False,5000,False,False,False,On Time
SHP-00314,2026-02-20,2026-02-21,2026-02-23,2026-02-23,Qazvin DC,Tehran,Pars Freight,Light Truck,157.6,3963.3,4270000.0,False,False,5000,False,False,False,On Time
SHP-00150,2026-01-11,2026-01-11,2026-01-13,2026-01-16,Tehran Central,Arak,Shahin Cargo,Light Truck,264.2,2356.4,4906000.0,False,False,5000,False,False,False,Late
SHP-00575,2026-01-02,2026-01-03,2026-01-04,2026-01-04,Qazvin DC,Qazvin,Shahin Cargo,Pickup,24.3,860.8,1071000.0,False,False,1500,False,False,False,On Time
SHP-00051,2026-05-18,2026-05-20,2026-05-21,2026-05-21,Tehran Central,Karaj,Navid Express,Light Truck,57.9,1777.7,2251000.0,False,False,5000,False,False,False,On Time
SHP-01415,2026-04-16,2026-04-17,2026-04-20,2026-04-21,Tehran Central,Qom,Shahin Cargo,Pickup,154.5,233.1,1960000.0,False,False,1500,False,False,False,Late
SHP-00727,2026-05-11,2026-05-13,2026-05-15,2026-05-15,Karaj Hub,Rasht,Aras Transport,Van,296.8,122.8,2820000.0,False,False,1000,False,False,False,On Time
SHP-00834,2026-01-26,2026-01-27,2026-01-31,2026-01-31,Karaj Hub,Mashhad,Navid Express,Pickup,852.4,774.6,8147000.0,False,False,1500,False,False,False,On Time
SHP-01116,2026-03-30,2026-03-31,2026-04-01,2026-04-04,Tehran Central,Karaj,Shahin Cargo,Heavy Truck,58.8,14706.1,6896000.0,False,False,16000,False,False,False,Late
SHP-00471,2026-05-14,2026-05-15,2026-05-18,2026-05-18,Tehran Central,Zanjan,Navid Express,Van,308.0,716.9,3362000.0,False,False,1000,False,False,False,On Time
SHP-00972,2026-03-17,2026-03-18,2026-03-22,2026-03-22,Tehran Central,Mashhad,Pars Freight,Light Truck,944.1,4037.0,15635000.0,False,False,5000,False,False,False,On Time
SHP-00654,2026-05-26,2026-05-26,2026-05-30,2026-05-30,Qazvin DC,Arak,Aras Transport,Van,329.9,602.0,3757000.0,False,False,1000,False,False,False,On Time
SHP-00400,2026-02-26,2026-02-26,2026-03-02,2026-03-02,Qazvin DC,Urmia,Pars Freight,Light Truck,619.2,1957.9,7622000.0,False,False,5000,False,False,False,On Time
SHP-00512,2026-05-16,2026-05-17,2026-05-20,2026-05-20,Karaj Hub,Isfahan,Pars Freight,Van,435.3,137.3,4485000.0,False,False,1000,False,False,False,On Time
SHP-00321,2026-02-28,2026-03-01,2026-03-05,2026-03-05,Tabriz DC,Mashhad,Aras Transport,Pickup,1414.8,353.2,14372000.0,False,False,1500,False,False,False,On Time
SHP-00020,2026-03-23,2026-03-23,2026-03-28,2026-03-28,Tabriz DC,Mashhad,Shahin Cargo,Van,1429.1,413.1,11089000.0,False,False,1000,False,False,False,On Time
SHP-00685,2026-01-31,2026-02-01,2026-02-03,2026-02-03,Qazvin DC,Rasht,Navid Express,Heavy Truck,176.5,14528.8,8002000.0,False,False,16000,False,False,False,On Time
SHP-00036,2026-01-12,2026-01-13,2026-01-16,2026-01-16,Tehran Central,Zanjan,Navid Express,Light Truck,342.6,598.7,4637000.0,False,False,5000,False,False,False,On Time
SHP-00903,2026-02-09,2026-02-10,2026-02-11,,Qazvin DC,Qazvin,Navid Express,Pickup,30.7,1345.8,1457000.0,False,False,1500,False,False,False,Missing Delivery Record
SHP-00828,2026-06-12,2026-06-13,2026-06-17,2026-06-18,Tehran Central,Urmia,Rahbar Logistics,Van,607.5,169.6,5893000.0,False,False,1000,False,False,False,Late
SHP-01345,2026-02-03,2026-02-04,2026-02-05,2026-02-05,Tehran Central,Karaj,Shahin Cargo,Van,45.1,329.9,925000.0,False,False,1000,False,False,False,On Time
SHP-00408,2026-01-27,2026-01-29,2026-02-02,2026-02-02,Qazvin DC,Tabriz,Pars Freight,Light Truck,469.5,1337.3,6405000.0,False,False,5000,False,False,False,On Time
SHP-00921,2026-06-07,2026-06-08,2026-06-10,2026-06-10,Karaj Hub,Qom,Pars Freight,Light Truck,196.6,3273.8,4275000.0,False,False,5000,False,False,False,On Time
SHP-00538,2026-01-21,2026-01-22,2026-01-24,2026-01-24,Karaj Hub,Qom,Shahin Cargo,Heavy Truck,181.4,8932.8,7494000.0,False,False,16000,False,False,False,On Time
SHP-00759,2026-01-24,2026-01-25,2026-01-27,2026-01-28,Tabriz DC,Zanjan,Aras Transport,Van,291.9,495.6,3368000.0,False,False,1000,False,False,False,Late
SHP-01063,2026-01-27,2026-01-28,2026-02-01,2026-02-02,Tehran Central,Urmia,Shahin Cargo,Heavy Truck,753.8,3846.0,14222000.0,False,False,16000,False,False,False,Late
SHP-00246,2026-01-16,2026-01-17,2026-01-18,2026-01-18,Qazvin DC,Qazvin,Aras Transport,Heavy Truck,16.2,5282.8,2627000.0,False,False,16000,False,False,False,On Time
SHP-01128,2026-04-26,2026-04-26,2026-04-29,2026-04-30,Qazvin DC,Isfahan,Navid Express,Light Truck,557.5,942.9,7128000.0,False,False,5000,False,False,False,Late
SHP-00785,2026-03-28,2026-03-29,2026-04-01,2026-04-01,Tehran Central,Zanjan,Navid Express,Heavy Truck,327.7,5393.0,8447000.0,False,False,16000,False,False,False,On Time
SHP-00490,2026-04-20,2026-04-21,2026-04-23,2026-04-24,Tehran Central,Arak,Shahin Cargo,Heavy Truck,292.6,9353.2,9299000.0,False,False,16000,False,False,False,Late
SHP-00155,2026-03-20,2026-03-22,2026-03-26,2026-03-26,Tabriz DC,Isfahan,Pars Freight,Van,930.3,481.0,8895000.0,False,False,1000,False,False,False,On Time
SHP-00962,2026-03-15,2026-03-17,2026-03-20,2026-03-20,Tehran Central,Hamedan,Navid Express,Heavy Truck,304.6,12097.0,10648000.0,False,False,16000,False,False,False,On Time
SHP-00854,2026-02-13,2026-02-14,2026-02-17,2026-02-17,Tehran Central,Rasht,Aras Transport,Heavy Truck,335.0,3941.1,8067000.0,False,False,16000,False,False,False,On Time
SHP-00626,2026-02-12,2026-02-12,2026-02-15,2026-02-16,Tabriz DC,Qazvin,Navid Express,Pickup,448.9,253.0,4799000.0,False,False,1500,False,False,False,Late
SHP-00686,2026-05-25,2026-05-26,2026-05-30,2026-05-29,Tabriz DC,Qazvin,Pars Freight,Light Truck,470.3,2475.2,8708000.0,False,False,5000,False,False,False,On Time
SHP-00570,2026-04-14,2026-04-15,2026-04-18,2026-04-18,Qazvin DC,Arak,Rahbar Logistics,Heavy Truck,339.4,11710.3,11661000.0,False,False,16000,False,False,False,On Time
SHP-01427,2026-05-02,2026-05-02,2026-05-05,2026-05-06,Tehran Central,Isfahan,Pars Freight,Heavy Truck,453.4,4848.6,10960000.0,False,False,16000,False,False,False,Late
SHP-00018,2026-01-24,2026-01-25,2026-01-29,2026-01-29,Tehran Central,Rasht,Aras Transport,Van,315.7,467.8,3435000.0,False,False,1000,False,False,False,On Time
SHP-00128,2026-05-19,2026-05-21,2026-05-24,2026-05-25,Tabriz DC,Hamedan,Aras Transport,Heavy Truck,562.0,3477.2,11678000.0,False,False,16000,False,False,False,Late
SHP-00928,2026-02-24,2026-02-26,2026-03-02,2026-03-02,Tabriz DC,Qom,Rahbar Logistics,Light Truck,751.3,930.6,10625000.0,False,False,5000,False,False,False,On Time
SHP-00981,2026-04-17,2026-04-18,2026-04-21,2026-04-21,Tabriz DC,Qazvin,Aras Transport,Light Truck,452.7,2320.3,7551000.0,False,False,5000,False,False,False,On Time
SHP-01470,2026-01-11,2026-01-11,2026-01-12,2026-01-12,Tehran Central,Tehran,Aras Transport,Pickup,33.7,786.1,1073000.0,False,False,1500,False,False,False,On Time
SHP-00191,2026-05-04,2026-05-06,2026-05-10,2026-05-10,Tehran Central,Mashhad,Rahbar Logistics,Light Truck,879.2,1941.9,11188000.0,False,False,5000,False,False,False,On Time
SHP-01140,2026-04-08,2026-04-07,2026-04-13,2026-04-13,Qazvin DC,Urmia,Pars Freight,Light Truck,603.7,3757.0,11169000.0,True,False,5000,False,False,True,Invalid Date
SHP-00993,2026-02-05,2026-02-06,2026-02-08,2026-02-08,Qazvin DC,Hamedan,Pars Freight,Pickup,299.5,893.6,3398000.0,False,False,1500,False,False,False,On Time
SHP-01464,2026-01-10,2026-01-10,2026-01-14,2026-01-13,Tehran Central,Tabriz,Rahbar Logistics,Van,637.1,480.6,6093000.0,False,False,1000,False,False,False,On Time
SHP-01252,2026-03-16,2026-03-17,2026-03-19,2026-03-20,Tehran Central,Qazvin,Navid Express,Van,164.2,270.7,1792000.0,False,False,1000,False,False,False,Late
SHP-00607,2026-02-28,2026-03-01,2026-03-05,,Tabriz DC,Tehran,Pars Freight,Light Truck,628.0,2630.5,9598000.0,False,False,5000,False,False,False,Missing Delivery Record
SHP-00181,2026-06-19,2026-06-20,2026-06-22,2026-06-22,Qazvin DC,Hamedan,Aras Transport,Pickup,241.3,179.0,2844000.0,False,False,1500,False,False,False,On Time
SHP-00302,2026-05-30,2026-05-31,2026-06-04,2026-06-05,Tehran Central,Urmia,Pars Freight,Pickup,736.0,291.1,6896000.0,False,False,1500,False,False,False,Late
SHP-00497,2026-01-22,2026-01-23,2026-01-27,2026-01-27,Karaj Hub,Tabriz,Rahbar Logistics,Heavy Truck,617.3,10378.2,15104000.0,False,False,16000,False,False,False,On Time
SHP-01315,2026-06-13,2026-06-14,2026-06-16,2026-06-16,Tehran Central,Qazvin,Shahin Cargo,Heavy Truck,154.1,7188.6,6372000.0,False,False,16000,False,False,False,On Time
SHP-01256,2026-01-16,2026-01-17,2026-01-21,2026-01-22,Tehran Central,Rasht,Pars Freight,Light Truck,327.0,3726.5,6578000.0,False,False,5000,False,False,False,Late
SHP-01238,2026-01-23,2026-01-24,2026-01-28,2026-01-28,Tabriz DC,Mashhad,Shahin Cargo,Van,1503.4,743.6,12860000.0,False,False,1000,False,False,False,On Time
SHP-00518,2026-01-13,2026-01-13,2026-01-15,2026-01-15,Tehran Central,Arak,Shahin Cargo,Light Truck,269.0,1550.3,4716000.0,False,False,5000,False,False,False,On Time
SHP-01070,2026-01-02,2026-01-04,2026-01-08,2026-01-08,Tabriz DC,Qom,Pars Freight,Heavy Truck,655.5,7660.9,14768000.0,False,False,16000,False,False,False,On Time
SHP-00477,2026-06-03,2026-06-04,2026-06-06,2026-06-07,Qazvin DC,Hamedan,Pars Freight,Van,268.1,465.2,2786000.0,False,False,1000,False,False,False,Late
SHP-00158,2026-04-11,2026-04-12,2026-04-15,2026-04-15,Tehran Central,Hamedan,Rahbar Logistics,Van,338.3,658.5,3327000.0,False,False,1000,False,False,False,On Time
SHP-01196,2026-04-25,2026-04-26,2026-04-30,2026-04-30,Tabriz DC,Tehran,Aras Transport,Light Truck,613.4,3134.8,9330000.0,False,False,5000,False,False,False,On Time
SHP-00017,2026-04-03,2026-04-03,2026-04-07,2026-04-07,Tehran Central,Tabriz,Aras Transport,Pickup,601.5,234.4,6711000.0,False,False,1500,False,False,False,On Time
SHP-01073,2026-05-17,2026-05-17,2026-05-20,2026-05-21,Karaj Hub,Tabriz,Shahin Cargo,Pickup,594.5,405.8,6453000.0,False,False,1500,False,False,False,Late
SHP-00547,2026-03-19,2026-03-19,2026-03-20,2026-03-19,Karaj Hub,Karaj,Navid Express,Heavy Truck,19.5,11766.9,4988000.0,False,False,16000,False,False,False,On Time
SHP-00659,2026-01-14,2026-01-15,2026-01-16,2026-01-17,Tehran Central,Tehran,Shahin Cargo,Pickup,35.3,863.0,1369000.0,False,False,1500,False,False,False,Late
SHP-01227,2026-01-20,2026-01-21,2026-01-24,2026-01-24,Karaj Hub,Tabriz,Aras Transport,Pickup,556.3,361.5,5685000.0,False,False,1500,False,False,False,On Time
SHP-01020,2026-01-21,2026-01-23,2026-01-26,2026-01-28,Tehran Central,Isfahan,Rahbar Logistics,Light Truck,488.4,3644.6,6541000.0,False,False,5000,False,False,False,Late
SHP-01319,2026-03-23,2026-03-24,2026-03-26,2026-03-28,Qazvin DC,Zanjan,Shahin Cargo,Heavy Truck,182.5,13827.7,8599000.0,False,False,16000,False,False,False,Late
SHP-00960,2026-03-16,2026-03-18,2026-03-19,2026-03-19,Tabriz DC,Tabriz,Aras Transport,Pickup,23.9,220.8,794000.0,False,False,1500,False,False,False,On Time
SHP-01410,2026-02-21,2026-02-22,2026-02-24,2026-02-26,Tehran Central,Qom,Shahin Cargo,Light Truck,152.2,2143.0,4038000.0,False,False,5000,False,False,False,Late
SHP-00284,2026-03-30,2026-03-31,2026-04-03,2026-04-03,Tehran Central,Isfahan,Navid Express,Heavy Truck,457.6,11677.4,13005000.0,False,False,16000,False,False,False,On Time
SHP-00798,2026-03-24,2026-03-26,2026-03-30,2026-03-30,Karaj Hub,Urmia,Navid Express,Heavy Truck,777.3,8722.6,17720000.0,False,False,16000,False,False,False,On Time
SHP-00226,2026-02-25,2026-02-27,2026-03-03,2026-03-02,Karaj Hub,Urmia,Navid Express,Van,752.7,635.0,6524000.0,False,False,1000,False,False,False,On Time
SHP-00027,2026-03-14,2026-03-15,2026-03-17,2026-03-17,Tehran Central,Arak,Rahbar Logistics,Heavy Truck,265.8,2783.2,6775000.0,False,False,16000,False,False,False,On Time
SHP-00438,2026-06-17,2026-06-18,2026-06-19,2026-06-19,Tehran Central,Karaj,Shahin Cargo,Light Truck,54.9,909.3,1950000.0,False,False,5000,False,False,False,On Time
SHP-01458,2026-03-24,2026-03-25,2026-03-29,2026-03-30,Tabriz DC,Isfahan,Navid Express,Light Truck,963.0,2920.0,14643000.0,False,False,5000,False,False,False,Late
SHP-00230,2026-02-01,2026-02-02,2026-02-06,2026-02-08,Qazvin DC,Mashhad,Pars Freight,Pickup,1131.2,1010.2,10763000.0,False,False,1500,False,False,False,Late
SHP-00038,2026-05-30,2026-05-31,2026-06-02,2026-06-02,Karaj Hub,Qazvin,Navid Express,Light Truck,130.3,1111.8,2801000.0,False,False,5000,False,False,False,On Time
SHP-00750,2026-01-29,2026-01-30,2026-02-03,2026-02-03,Tabriz DC,Mashhad,Rahbar Logistics,Pickup,1594.2,582.4,14663000.0,False,False,1500,False,False,False,On Time
SHP-01046,2026-01-28,2026-01-28,2026-01-29,2026-01-29,Tehran Central,Karaj,Aras Transport,Light Truck,49.5,4090.6,3033000.0,False,False,5000,False,False,False,On Time
SHP-00470,2026-06-18,2026-06-19,2026-06-23,2026-06-22,Tehran Central,Urmia,Aras Transport,Pickup,792.7,571.1,7943000.0,False,False,1500,False,False,False,On Time
SHP-01279,2026-01-02,2026-01-03,2026-01-07,2026-01-08,Karaj Hub,Urmia,Shahin Cargo,Light Truck,758.4,544.1,11294000.0,False,False,5000,False,False,False,Late
SHP-00688,2026-04-18,2026-04-19,2026-04-23,2026-04-23,Karaj Hub,Tabriz,Navid Express,Light Truck,620.3,1919.4,9974000.0,False,False,5000,False,False,False,On Time
SHP-01379,2026-04-02,2026-04-03,2026-04-05,2026-04-05,Karaj Hub,Qom,Shahin Cargo,Heavy Truck,192.0,11725.1,7821000.0,False,False,16000,False,False,False,On Time
SHP-00640,2026-06-21,2026-06-22,2026-06-25,2026-06-26,Qazvin DC,Isfahan,Aras Transport,Heavy Truck,543.4,8887.6,12290000.0,False,False,16000,False,False,False,Late
SHP-01417,2026-04-25,2026-04-26,2026-04-27,2026-04-27,Tehran Central,Karaj,Shahin Cargo,Light Truck,58.5,1703.4,2048000.0,False,False,5000,False,False,False,On Time
SHP-01219,2026-05-27,2026-05-28,2026-05-30,2026-05-30,Qazvin DC,Rasht,Pars Freight,Van,171.8,405.0,2233000.0,False,False,1000,False,False,False,On Time
SHP-01159,2026-03-11,2026-03-13,2026-03-16,2026-03-16,Tehran Central,Tabriz,Navid Express,Pickup,592.6,644.7,6231000.0,False,False,1500,False,False,False,On Time
SHP-01251,2026-02-13,2026-02-14,2026-02-16,2026-02-16,Qazvin DC,Karaj,Aras Transport,Light Truck,131.5,1058.0,2585000.0,False,False,5000,False,False,False,On Time
SHP-01440,2026-06-22,2026-06-23,2026-06-24,2026-06-24,Tehran Central,Tehran,Aras Transport,Heavy Truck,22.5,13646.5,5305000.0,False,False,16000,False,False,False,On Time
SHP-00801,2026-01-03,2026-01-04,2026-01-05,2026-01-05,Karaj Hub,Karaj,Aras Transport,Light Truck,18.7,1300.8,1475000.0,False,False,5000,False,False,False,On Time
SHP-00161,2026-06-30,2026-07-01,2026-07-03,2026-07-04,Qazvin DC,Hamedan,Shahin Cargo,Pickup,265.1,1020.0,3237000.0,False,False,1500,False,False,False,Late
SHP-00957,2026-03-14,2026-03-14,2026-03-16,2026-03-17,Qazvin DC,Karaj,Rahbar Logistics,Light Truck,135.6,1397.4,2932000.0,False,False,5000,False,False,False,Late
SHP-01187,2026-01-26,2026-01-27,2026-01-30,2026-01-29,Tehran Central,Qom,Pars Freight,Heavy Truck,165.6,14993.3,7631000.0,False,False,16000,False,False,False,On Time
SHP-00822,2026-05-01,2026-05-02,2026-05-04,2026-05-05,Qazvin DC,Rasht,Rahbar Logistics,Heavy Truck,162.7,13384.5,7853000.0,False,False,16000,False,False,False,Late
SHP-01271,2026-03-08,2026-03-09,2026-03-10,2026-03-10,Qazvin DC,Qazvin,Navid Express,Heavy Truck,27.3,8130.6,3405000.0,False,False,16000,False,False,False,On Time
SHP-00878,2026-05-15,2026-05-17,2026-05-21,2026-05-21,Tabriz DC,Isfahan,Rahbar Logistics,Light Truck,945.1,3718.8,15054000.0,False,False,5000,False,False,False,On Time
SHP-00914,2026-06-27,2026-06-28,2026-07-01,2026-07-02,Qazvin DC,Zanjan,Rahbar Logistics,Van,179.4,110.9,2074000.0,False,False,1000,False,False,False,Late
SHP-00153,2026-06-16,2026-06-16,2026-06-17,2026-06-18,Tehran Central,Tehran,Shahin Cargo,Pickup,31.6,1242.1,1347000.0,False,False,1500,False,False,False,Late
SHP-01374,2026-03-18,2026-03-19,2026-03-23,2026-03-23,Tehran Central,Mashhad,Navid Express,Heavy Truck,865.3,11471.3,18729000.0,False,False,16000,False,False,False,On Time
SHP-00510,2026-02-12,2026-02-13,2026-02-15,2026-02-15,Tehran Central,Qom,Shahin Cargo,Light Truck,154.0,3094.8,3519000.0,False,False,5000,False,False,False,On Time
SHP-01136,2026-01-11,2026-01-13,2026-01-16,2026-01-16,Tehran Central,Isfahan,Rahbar Logistics,Pickup,464.1,898.0,5181000.0,False,False,1500,False,False,False,On Time
SHP-01322,2026-02-19,2026-02-20,2026-02-23,2026-02-23,Qazvin DC,Karaj,Shahin Cargo,Heavy Truck,134.5,4333.6,4614000.0,False,False,16000,False,False,False,On Time
SHP-00104,2026-01-02,2026-01-03,2026-01-06,2026-01-06,Karaj Hub,Isfahan,Pars Freight,Van,465.8,490.9,4471000.0,False,False,1000,False,False,False,On Time
SHP-00587,2026-05-05,2026-05-06,2026-05-09,2026-05-09,Karaj Hub,Hamedan,Aras Transport,Van,306.5,713.0,3551000.0,False,False,1000,False,False,False,On Time
SHP-01329,2026-05-03,2026-05-03,2026-05-05,2026-05-05,Tehran Central,Qazvin,Navid Express,Heavy Truck,155.3,3611.2,4320000.0,False,False,16000,False,False,False,On Time
SHP-01144,2026-06-02,2026-06-03,2026-06-06,2026-06-06,Karaj Hub,Arak,Rahbar Logistics,Van,306.8,364.3,3159000.0,False,False,1000,False,False,False,On Time
SHP-00054,2026-03-26,2026-03-27,2026-03-31,2026-04-02,Tabriz DC,Arak,Pars Freight,Heavy Truck,613.5,13768.4,15032000.0,False,False,16000,False,False,False,Late
SHP-00152,2026-02-20,2026-02-21,2026-02-24,2026-02-25,Karaj Hub,Rasht,Shahin Cargo,Pickup,312.5,952.8,3230000.0,False,False,1500,False,False,False,Late
SHP-00404,2026-06-25,2026-06-25,2026-06-27,2026-06-27,Tehran Central,Qom,Aras Transport,Light Truck,148.6,6785.9,4875000.0,False,False,5000,True,False,True,On Time
SHP-01455,2026-04-14,2026-04-15,2026-04-18,2026-04-20,Qazvin DC,Isfahan,Navid Express,Light Truck,553.7,2943.8,8645000.0,False,False,5000,False,False,False,Late
SHP-00208,2026-06-25,2026-06-26,2026-06-28,2026-06-28,Tehran Central,Arak,Navid Express,Light Truck,276.4,4212.9,5572000.0,False,False,5000,False,False,False,On Time
SHP-01418,2026-03-21,2026-03-21,2026-03-25,2026-03-25,Tabriz DC,Hamedan,Rahbar Logistics,Pickup,497.2,680.4,5754000.0,False,False,1500,False,False,False,On Time
SHP-01123,2026-02-18,2026-02-19,2026-02-21,,Tehran Central,Qom,Aras Transport,Light Truck,154.5,3391.1,3769000.0,False,False,5000,False,False,False,Missing Delivery Record
SHP-00009,2026-02-06,2026-02-07,2026-02-10,,Tehran Central,Hamedan,Shahin Cargo,Van,317.0,803.3,3445000.0,False,False,1000,False,False,False,Missing Delivery Record
SHP-01015,2026-04-04,2026-04-04,2026-04-08,2026-04-08,Karaj Hub,Tabriz,Aras Transport,Heavy Truck,641.9,3249.2,13744000.0,False,False,16000,False,False,False,On Time
SHP-01344,2026-04-15,2026-04-15,2026-04-18,2026-04-19,Tehran Central,Tabriz,Aras Transport,Light Truck,570.1,975.3,9000000.0,False,False,5000,False,False,False,Late
SHP-01061,2026-05-20,2026-05-21,2026-05-23,2026-05-22,Tehran Central,Arak,Navid Express,Light Truck,283.5,1775.5,5292000.0,False,False,5000,False,False,False,On Time
SHP-00453,2026-04-01,2026-04-02,2026-04-05,2026-04-06,Qazvin DC,Isfahan,Shahin Cargo,Pickup,546.3,1135.1,6419000.0,False,False,1500,False,False,False,Late
SHP-00254,2026-03-01,2026-03-02,2026-03-05,2026-03-05,Tehran Central,Zanjan,Navid Express,Van,306.1,506.6,3141000.0,False,False,1000,False,False,False,On Time
SHP-00897,2026-04-03,2026-04-04,2026-04-06,2026-04-06,Qazvin DC,Zanjan,Navid Express,Heavy Truck,185.7,12543.5,8421000.0,False,False,16000,False,False,False,On Time
SHP-01309,2026-03-17,2026-03-17,2026-03-19,2026-03-18,Qazvin DC,Tehran,Aras Transport,Van,153.2,479.9,2165000.0,False,False,1000,False,False,False,On Time
SHP-00881,2026-01-16,2026-01-16,2026-01-20,2026-01-20,Tehran Central,Urmia,Navid Express,Pickup,768.2,909.0,7671000.0,False,False,1500,False,False,False,On Time
SHP-01428,2026-06-13,2026-06-14,2026-06-16,2026-06-16,Karaj Hub,Tehran,Pars Freight,Light Truck,53.6,1037.4,1379000.0,False,False,5000,False,False,False,On Time
SHP-00624,2026-03-17,2026-03-19,2026-03-23,2026-03-24,Tabriz DC,Karaj,Aras Transport,Light Truck,554.7,888.0,7065000.0,False,False,5000,False,False,False,Late
SHP-00346,2026-02-16,2026-02-16,2026-02-18,2026-02-18,Tehran Central,Arak,Navid Express,Light Truck,277.6,1534.0,4706000.0,False,False,5000,False,False,False,On Time
SHP-00263,2026-02-24,2026-02-24,2026-02-26,2026-02-26,Tehran Central,Qazvin,Shahin Cargo,Van,147.4,887.1,2235000.0,False,False,1000,False,False,False,On Time
SHP-00151,2026-06-04,2026-06-05,2026-06-08,2026-06-08,Tehran Central,Rasht,Shahin Cargo,Heavy Truck,348.8,14662.2,11518000.0,False,False,16000,False,False,False,On Time
SHP-00473,2026-03-20,2026-03-21,2026-03-25,2026-03-25,Karaj Hub,Rasht,Pars Freight,Light Truck,306.8,3461.4,6470000.0,False,False,5000,False,False,False,On Time
SHP-00641,2026-05-02,2026-05-04,2026-05-07,2026-05-08,Tehran Central,Rasht,Navid Express,Pickup,309.1,1345.5,4071000.0,False,False,1500,False,False,False,Late
SHP-01411,2026-01-11,2026-01-12,2026-01-15,2026-01-14,Qazvin DC,Arak,Aras Transport,Light Truck,313.7,2003.6,5885000.0,False,False,5000,False,False,False,On Time
SHP-00551,2026-05-26,2026-05-27,2026-05-29,2026-05-30,Qazvin DC,Zanjan,Pars Freight,Van,184.9,723.1,2255000.0,False,False,1000,False,False,False,Late
SHP-00929,2026-03-17,2026-03-18,2026-03-21,2026-03-21,Tehran Central,Zanjan,Pars Freight,Heavy Truck,350.6,3977.6,8823000.0,False,False,16000,False,False,False,On Time
SHP-00489,2026-05-19,2026-05-20,2026-05-22,2026-05-25,Tabriz DC,Urmia,Pars Freight,Heavy Truck,144.1,7759.2,6014000.0,False,False,16000,False,False,False,Late
SHP-01357,2026-03-04,2026-03-05,2026-03-08,2026-03-08,Qazvin DC,Tabriz,Unknown,Pickup,465.4,1027.1,6063000.0,False,False,1500,False,False,False,On Time
SHP-01172,2026-04-25,2026-04-26,2026-04-29,2026-05-01,Karaj Hub,Isfahan,Shahin Cargo,Pickup,465.9,1056.3,5651000.0,False,False,1500,False,False,False,Late
SHP-00147,2026-01-07,2026-01-07,2026-01-08,2026-01-09,Karaj Hub,Karaj,Aras Transport,Light Truck,15.3,2212.8,8450000.0,False,False,5000,False,False,False,Late
SHP-00403,2026-02-27,2026-02-28,2026-03-02,2026-03-02,Karaj Hub,Qom,Aras Transport,Light Truck,189.9,1466.7,3311000.0,False,False,5000,False,False,False,On Time
SHP-00955,2026-05-23,2026-05-24,2026-05-29,2026-05-29,Karaj Hub,Tabriz,Shahin Cargo,Heavy Truck,626.9,11105.3,13602000.0,False,False,16000,False,False,False,On Time
SHP-01406,2026-01-29,2026-01-31,2026-02-02,2026-02-02,Qazvin DC,Tehran,Shahin Cargo,Heavy Truck,155.2,6447.7,6193000.0,False,False,16000,False,False,False,On Time
SHP-00464,2026-03-17,2026-03-18,2026-03-20,2026-03-20,Tehran Central,Arak,Shahin Cargo,Light Truck,279.4,2740.9,4943000.0,False,False,5000,False,False,False,On Time
SHP-00187,2026-01-31,2026-02-01,2026-02-04,2026-02-04,Qazvin DC,Isfahan,Pars Freight,Light Truck,531.7,2349.7,7308000.0,False,False,5000,False,False,False,On Time
SHP-01148,2026-05-20,2026-05-21,2026-05-25,2026-05-25,Karaj Hub,Tabriz,Pars Freight,Pickup,605.6,708.4,7243000.0,False,False,1500,False,False,False,On Time
SHP-01225,2026-03-17,2026-03-18,2026-03-22,,Karaj Hub,Urmia,Navid Express,Van,695.8,335.2,6113000.0,False,False,1000,False,False,False,Missing Delivery Record
SHP-00609,2026-06-25,2026-06-25,2026-06-29,2026-06-29,Karaj Hub,Urmia,Aras Transport,Light Truck,729.6,55000.0,8705000.0,False,False,5000,True,False,True,On Time
SHP-00144,2026-03-15,2026-03-17,2026-03-19,2026-03-19,Karaj Hub,Qom,Navid Express,Light Truck,189.9,1222.1,3654000.0,False,False,5000,False,False,False,On Time
SHP-00752,2026-01-27,2026-01-27,2026-01-29,2026-01-30,Qazvin DC,Tehran,Pars Freight,Heavy Truck,142.0,9261.8,5541000.0,False,False,16000,False,False,False,Late
SHP-00982,2026-05-08,2026-05-10,2026-05-11,2026-05-11,Tehran Central,Karaj,Shahin Cargo,Pickup,60.5,794.0,1508000.0,False,False,1500,False,False,False,On Time
SHP-00198,2026-01-22,2026-01-23,2026-01-26,,Karaj Hub,Rasht,Aras Transport,Pickup,309.7,231.9,4143000.0,False,False,1500,False,False,False,Missing Delivery Record
SHP-00884,2026-01-29,2026-01-30,2026-02-01,2026-02-02,Qazvin DC,Hamedan,Aras Transport,Light Truck,271.6,2007.0,4836000.0,False,False,5000,False,False,False,Late
SHP-00280,2026-01-15,2026-01-17,2026-01-20,2026-01-22,Tehran Central,Hamedan,Rahbar Logistics,Light Truck,302.3,2940.8,5538000.0,False,False,5000,False,False,False,Late
SHP-00294,2026-03-02,2026-03-03,2026-03-07,2026-03-08,Tabriz DC,Isfahan,Aras Transport,Pickup,920.0,1330.0,9866000.0,False,False,1500,False,False,False,Late
SHP-01365,2026-04-11,2026-04-12,2026-04-15,2026-04-15,Tehran Central,Rasht,Aras Transport,Pickup,330.3,153.5,3596000.0,False,False,1500,False,False,False,On Time
SHP-00401,2026-06-30,2026-07-01,2026-07-03,2026-07-03,Tehran Central,Qazvin,Rahbar Logistics,Light Truck,150.7,2996.3,4038000.0,False,False,5000,False,False,False,On Time
SHP-00123,2026-04-29,2026-04-30,2026-05-02,2026-05-03,Qazvin DC,Hamedan,Rahbar Logistics,Light Truck,258.4,3963.9,5211000.0,False,False,5000,False,False,False,Late
SHP-01208,2026-05-11,2026-05-12,2026-05-14,2026-05-14,Karaj Hub,Qazvin,Navid Express,Heavy Truck,142.5,4662.7,4907000.0,False,False,16000,False,False,False,On Time
SHP-00203,2026-03-31,2026-04-01,2026-04-06,2026-04-08,Tehran Central,Urmia,Shahin Cargo,Light Truck,752.2,856.8,9823000.0,False,False,5000,False,False,False,Late
SHP-00836,2026-05-21,2026-05-22,2026-05-24,2026-05-24,Karaj Hub,Qazvin,Pars Freight,Light Truck,124.8,1659.6,2831000.0,False,False,5000,False,False,False,On Time
SHP-00247,2026-05-18,2026-05-19,2026-05-22,2026-05-22,Tabriz DC,Karaj,Navid Express,Heavy Truck,581.3,5281.5,11095000.0,False,False,16000,False,False,False,On Time
SHP-01423,2026-04-17,2026-04-19,2026-04-23,2026-04-23,Tehran Central,Urmia,Navid Express,Pickup,754.6,1020.6,8340000.0,False,False,1500,False,False,False,On Time
SHP-01409,2026-01-01,2026-01-02,2026-01-04,2026-01-06,Tabriz DC,Zanjan,Pars Freight,Pickup,272.9,1260.3,3896000.0,False,False,1500,False,False,False,Late
SHP-01154,2026-06-14,2026-06-14,2026-06-16,2026-06-16,Qazvin DC,Karaj,Aras Transport,Van,133.5,663.2,1885000.0,False,False,1000,False,False,False,On Time
SHP-00385,2026-01-06,2026-01-07,2026-01-09,2026-01-09,Qazvin DC,Zanjan,Pars Freight,Pickup,178.0,896.4,2947000.0,False,False,1500,False,False,False,On Time
SHP-01323,2026-04-10,2026-04-10,2026-04-13,2026-04-13,Karaj Hub,Isfahan,Rahbar Logistics,Light Truck,470.1,2514.9,6692000.0,False,False,5000,False,False,False,On Time
SHP-00855,2026-02-22,2026-02-22,2026-02-26,2026-02-26,Tehran Central,Urmia,Pars Freight,Pickup,795.9,774.6,9187000.0,False,False,1500,False,False,False,On Time
SHP-00220,2026-06-13,2026-06-13,2026-06-15,2026-06-16,Qazvin DC,Zanjan,Rahbar Logistics,Pickup,179.0,895.2,2925000.0,False,False,1500,False,False,False,Late
SHP-00642,2026-06-15,2026-06-16,2026-06-21,2026-06-21,Tabriz DC,Karaj,Navid Express,Light Truck,611.1,4118.7,9975000.0,False,False,5000,False,False,False,On Time
SHP-00002,2026-05-21,2026-05-22,2026-05-24,2026-05-24,Tehran Central,Arak,Rahbar Logistics,Van,273.2,880.7,3051000.0,False,False,1000,False,False,False,On Time
SHP-00113,2026-04-11,2026-04-13,2026-04-17,2026-04-17,Tabriz DC,Qom,Navid Express,Light Truck,636.1,1475.1,9074000.0,False,False,5000,False,False,False,On Time
SHP-00699,2026-01-10,2026-01-12,2026-01-16,2026-01-16,Tehran Central,Tabriz,Navid Express,Light Truck,663.5,3197.9,9001000.0,False,False,5000,False,False,False,On Time
SHP-01432,2026-02-03,2026-02-04,2026-02-08,2026-02-08,Qazvin DC,Mashhad,Aras Transport,Pickup,1046.9,1379.8,10080000.0,False,False,1500,False,False,False,On Time
SHP-00952,2026-02-25,2026-02-26,2026-03-02,2026-03-02,Karaj Hub,Urmia,Navid Express,Van,691.4,411.0,7097000.0,False,False,1000,False,False,False,On Time
SHP-01318,2026-04-17,2026-04-19,2026-04-20,2026-04-21,Karaj Hub,Karaj,Pars Freight,Pickup,10.9,1341.8,1082000.0,False,False,1500,False,False,False,Late
SHP-01292,2026-06-05,2026-06-06,2026-06-08,2026-06-10,Tabriz DC,Zanjan,Aras Transport,Van,296.2,118.0,3293000.0,False,False,1000,False,False,False,Late
SHP-01354,2026-06-15,2026-06-16,2026-06-19,2026-06-18,Tabriz DC,Karaj,Pars Freight,Heavy Truck,580.4,12117.3,12592000.0,False,False,16000,False,False,False,On Time
SHP-00442,2026-02-24,2026-02-25,2026-03-01,2026-03-02,Karaj Hub,Hamedan,Shahin Cargo,Light Truck,306.7,818.1,5053000.0,False,False,5000,False,False,False,Late
SHP-01137,2026-05-12,2026-05-13,2026-05-14,2026-05-15,Karaj Hub,Karaj,Navid Express,Heavy Truck,17.5,10094.9,4328000.0,False,False,16000,False,False,False,Late
SHP-01257,2026-02-10,2026-02-10,2026-02-13,2026-02-15,Tabriz DC,Qazvin,Aras Transport,Pickup,510.5,964.7,5942000.0,False,False,1500,False,False,False,Late
SHP-00664,2026-02-06,2026-02-07,2026-02-11,2026-02-12,Karaj Hub,Urmia,Rahbar Logistics,Light Truck,677.3,2245.0,9725000.0,False,False,5000,False,False,False,Late
SHP-01373,2026-03-23,2026-03-25,2026-03-29,2026-03-28,Qazvin DC,Isfahan,Rahbar Logistics,Light Truck,612.4,3711.6,10482000.0,False,False,5000,False,False,False,On Time
SHP-01258,2026-04-11,2026-04-12,2026-04-16,2026-04-17,Tehran Central,Urmia,Shahin Cargo,Heavy Truck,805.7,6056.9,15130000.0,False,False,16000,False,False,False,Late
SHP-01332,2026-05-10,2026-05-11,2026-05-13,2026-05-14,Karaj Hub,Arak,Pars Freight,Light Truck,278.3,3143.7,5689000.0,False,False,5000,False,False,False,Late
SHP-00318,2026-05-12,2026-05-12,2026-05-15,2026-05-15,Tehran Central,Isfahan,Rahbar Logistics,Pickup,446.3,646.6,5233000.0,False,False,1500,False,False,False,On Time
SHP-00649,2026-06-23,2026-06-24,2026-06-27,2026-06-26,Qazvin DC,Tabriz,Navid Express,Light Truck,470.4,807.5,7576000.0,False,False,5000,False,False,False,On Time
SHP-00710,2026-03-26,2026-03-27,2026-03-28,2026-03-28,Tehran Central,Tehran,Shahin Cargo,Light Truck,29.3,3058.3,2031000.0,False,False,5000,False,False,False,On Time
SHP-01283,2026-03-13,2026-03-14,2026-03-17,2026-03-17,Tehran Central,Isfahan,Rahbar Logistics,Light Truck,443.7,4018.1,8305000.0,False,False,5000,False,False,False,On Time
SHP-00973,2026-03-28,2026-03-29,2026-03-31,2026-04-02,Karaj Hub,Zanjan,Shahin Cargo,Heavy Truck,276.0,12747.0,9825000.0,False,False,16000,False,False,False,Late
SHP-00628,2026-03-08,2026-03-08,2026-03-11,2026-03-14,Karaj Hub,Qom,Pars Freight,Pickup,181.7,1368.8,2941000.0,False,False,1500,False,False,False,Late
SHP-00633,2026-03-20,2026-03-20,2026-03-23,2026-03-23,Tehran Central,Zanjan,Rahbar Logistics,Pickup,307.5,1357.7,3691000.0,False,False,1500,False,False,False,On Time
SHP-01307,2026-02-16,2026-02-17,2026-02-20,2026-02-20,Tabriz DC,Qazvin,Shahin Cargo,Heavy Truck,439.7,6891.8,11950000.0,False,False,16000,False,False,False,On Time
SHP-01249,2026-02-28,2026-03-02,2026-03-04,2026-03-05,Tehran Central,Qom,Aras Transport,Van,152.2,109.7,1785000.0,False,False,1000,False,False,False,Late
SHP-01462,2026-02-26,2026-02-27,2026-03-03,2026-03-03,Tehran Central,Rasht,Navid Express,Pickup,342.0,315.1,4227000.0,False,False,1500,False,False,False,On Time
SHP-01255,2026-04-28,2026-04-29,2026-05-01,2026-05-01,Tehran Central,Qom,Rahbar Logistics,Pickup,150.3,1320.7,2239000.0,False,False,1500,False,False,False,On Time
SHP-01384,2026-06-12,2026-06-12,2026-06-16,2026-06-16,Tehran Central,Mashhad,Aras Transport,Van,853.4,705.3,8379000.0,False,False,1000,False,False,False,On Time
SHP-00796,2026-02-23,2026-02-23,2026-02-26,2026-02-27,Tehran Central,Rasht,Shahin Cargo,Van,335.2,162.8,3170000.0,False,False,1000,False,False,False,Late
SHP-00646,2026-03-01,2026-03-03,2026-03-06,2026-03-07,Karaj Hub,Isfahan,Navid Express,Pickup,455.1,888.0,5265000.0,False,False,1500,False,False,False,Late
SHP-01013,2026-02-14,2026-02-14,2026-02-15,2026-02-17,Karaj Hub,Tehran,Shahin Cargo,Heavy Truck,54.4,4414.2,3825000.0,False,False,16000,False,False,False,Late
SHP-00557,2026-05-14,2026-05-15,2026-05-19,2026-05-19,Tabriz DC,Qazvin,Navid Express,Pickup,485.3,774.6,5261000.0,False,False,1500,False,False,False,On Time
SHP-00682,2026-01-25,2026-01-26,2026-01-29,2026-01-29,Karaj Hub,Zanjan,Rahbar Logistics,Light Truck,270.0,1549.3,5106000.0,False,False,5000,False,False,False,On Time
SHP-00578,2026-04-05,2026-04-06,2026-04-11,2026-04-12,Karaj Hub,Mashhad,Aras Transport,Pickup,885.0,1126.8,10708000.0,False,False,1500,False,False,False,Late
SHP-01110,2026-01-09,2026-01-09,2026-01-11,2026-01-11,Tehran Central,Qom,Navid Express,Light Truck,148.4,1037.3,3134000.0,False,False,5000,False,False,False,On Time
SHP-01267,2026-01-10,2026-01-11,2026-01-13,2026-01-13,Karaj Hub,Qom,Aras Transport,Van,199.3,88.6,2038000.0,False,False,1000,False,False,False,On Time
SHP-01184,2026-03-23,2026-03-23,2026-03-25,2026-03-25,Karaj Hub,Arak,Rahbar Logistics,Van,264.2,696.1,3342000.0,False,False,1000,False,False,False,On Time
SHP-00525,2026-02-27,2026-02-28,2026-03-02,2026-03-02,Qazvin DC,Zanjan,Navid Express,Light Truck,174.5,3288.8,4588000.0,False,False,5000,False,False,False,On Time
SHP-01060,2026-02-26,2026-02-27,2026-03-02,2026-03-03,Qazvin DC,Tabriz,Aras Transport,Van,467.7,725.9,4566000.0,False,False,1000,False,False,False,Late
SHP-00541,2026-05-09,2026-05-10,2026-05-14,2026-05-14,Tehran Central,Tabriz,Pars Freight,Pickup,676.6,449.7,7306000.0,False,False,1500,False,False,False,On Time
SHP-01195,2026-04-06,2026-04-07,2026-04-09,,Karaj Hub,Arak,Pars Freight,Light Truck,291.5,2995.1,5567000.0,False,False,5000,False,False,False,Missing Delivery Record
SHP-00749,2026-02-26,2026-02-27,2026-03-01,2026-03-01,Tehran Central,Karaj,Pars Freight,Light Truck,54.9,1225.4,1907000.0,False,False,5000,False,False,False,On Time
SHP-01387,2026-04-12,2026-04-13,2026-04-16,2026-04-16,Tehran Central,Isfahan,Aras Transport,Light Truck,447.1,3625.8,7880000.0,False,False,5000,False,False,False,On Time
SHP-00485,2026-03-25,2026-03-27,2026-03-30,2026-03-30,Tehran Central,Rasht,Aras Transport,Light Truck,307.0,2013.8,5497000.0,False,False,5000,False,False,False,On Time
SHP-00096,2026-02-22,2026-02-23,2026-02-26,2026-02-27,Karaj Hub,Zanjan,Navid Express,Pickup,304.1,1106.3,3648000.0,False,False,1500,False,False,False,Late
SHP-01021,2026-01-11,2026-01-12,2026-01-16,2026-01-18,Karaj Hub,Mashhad,Rahbar Logistics,Pickup,966.4,357.7,9018000.0,False,False,1500,False,False,False,Late
SHP-00564,2026-02-02,2026-02-03,2026-02-05,2026-02-05,Tabriz DC,Urmia,Navid Express,Heavy Truck,142.7,6954.0,5622000.0,False,False,16000,False,False,False,On Time
SHP-01265,2026-02-13,2026-02-15,2026-02-18,2026-02-18,Karaj Hub,Rasht,Navid Express,Light Truck,311.2,1804.5,4644000.0,False,False,5000,False,False,False,On Time
SHP-00743,2026-04-25,2026-04-25,2026-04-28,2026-04-28,Qazvin DC,Tabriz,Rahbar Logistics,Light Truck,444.2,3397.6,6558000.0,False,False,5000,False,False,False,On Time
SHP-00864,2026-05-20,2026-05-20,2026-05-23,2026-05-24,Tabriz DC,Rasht,Aras Transport,Heavy Truck,450.1,7552.9,10964000.0,False,False,16000,False,False,False,Late
SHP-00892,2026-05-09,2026-05-10,2026-05-14,2026-05-14,Tehran Central,Mashhad,Pars Freight,Light Truck,924.5,3138.0,13680000.0,False,False,5000,False,False,False,On Time
SHP-01039,2026-03-21,2026-03-22,2026-03-24,2026-03-26,Qazvin DC,Rasht,Pars Freight,Light Truck,175.0,3493.3,3898000.0,False,False,5000,False,False,False,Late
SHP-00207,2026-05-19,2026-05-20,2026-05-24,2026-05-24,Karaj Hub,Tabriz,Navid Express,Van,438.4,765.7,4894000.0,False,False,1000,False,False,False,On Time
SHP-00393,2026-03-08,2026-03-09,2026-03-12,2026-03-12,Tabriz DC,Qazvin,Unknown,Van,458.4,322.2,4559000.0,False,False,1000,False,False,False,On Time
SHP-00795,2026-03-20,2026-03-21,2026-03-23,2026-03-23,Tehran Central,Qom,Aras Transport,Van,148.6,813.7,2366000.0,False,False,1000,False,False,False,On Time
SHP-00871,2026-03-24,2026-03-24,2026-03-27,2026-03-29,Tehran Central,Hamedan,Pars Freight,Heavy Truck,332.1,13077.5,11765000.0,False,False,16000,False,False,False,Late
SHP-00398,2026-02-05,2026-02-06,2026-02-09,2026-02-09,Tehran Central,Isfahan,Shahin Cargo,Light Truck,462.5,2875.2,7587000.0,False,False,5000,False,False,False,On Time
SHP-00767,2026-04-21,2026-04-21,2026-04-22,2026-04-24,Qazvin DC,Qazvin,Rahbar Logistics,Pickup,23.0,214.7,802000.0,False,False,1500,False,False,False,Late
SHP-01377,2026-06-24,2026-06-25,2026-06-28,2026-06-28,Karaj Hub,Arak,Shahin Cargo,Heavy Truck,3.0,11744.9,9159000.0,False,False,16000,False,False,False,On Time
SHP-01242,2026-05-21,2026-05-21,2026-05-24,2026-05-24,Karaj Hub,Hamedan,Aras Transport,Light Truck,300.6,2487.8,5973000.0,False,False,5000,False,False,False,On Time
SHP-01029,2026-04-13,2026-04-15,2026-04-18,2026-04-20,Tehran Central,Rasht,Pars Freight,Heavy Truck,331.0,12855.0,10440000.0,False,False,16000,False,False,False,Late
SHP-00643,2026-06-04,2026-06-04,2026-06-08,2026-06-03,Qazvin DC,Mashhad,Rahbar Logistics,Light Truck,1017.0,2086.7,13333000.0,True,False,5000,False,False,True,Invalid Date
SHP-00613,2026-05-22,2026-05-23,2026-05-26,2026-05-26,Tehran Central,Hamedan,Rahbar Logistics,Heavy Truck,302.1,13465.5,10509000.0,False,False,16000,False,False,False,On Time
SHP-00961,2026-01-28,2026-01-29,2026-02-02,2026-02-02,Karaj Hub,Urmia,Aras Transport,Van,673.4,441.4,6591000.0,False,False,1000,False,False,False,On Time
SHP-00726,2026-01-22,2026-01-22,2026-01-26,2026-01-27,Tabriz DC,Karaj,Rahbar Logistics,Light Truck,613.5,3372.4,10874000.0,False,False,5000,False,False,False,Late
SHP-00684,2026-06-23,2026-06-25,2026-06-29,2026-06-29,Qazvin DC,Mashhad,Shahin Cargo,Pickup,1011.0,948.8,9754000.0,False,False,1500,False,False,False,On Time
SHP-00099,2026-04-26,2026-04-26,2026-04-27,2026-04-29,Tabriz DC,Tabriz,Aras Transport,Light Truck,27.8,713.2,1314000.0,False,False,5000,False,False,False,Late
SHP-00805,2026-05-14,2026-05-15,2026-05-19,2026-05-20,Karaj Hub,Urmia,Aras Transport,Light Truck,782.3,1152.2,11979000.0,False,False,5000,False,False,False,Late
SHP-00407,2026-03-20,2026-03-21,2026-03-26,,Tabriz DC,Isfahan,Navid Express,Pickup,960.5,1181.7,9971000.0,False,False,1500,False,False,False,Missing Delivery Record
SHP-00503,2026-06-24,2026-06-25,2026-06-27,2026-06-27,Karaj Hub,Tehran,Aras Transport,Pickup,55.1,1120.9,1676000.0,False,False,1500,False,False,False,On Time
SHP-01072,2026-02-07,2026-02-09,2026-02-10,2026-02-10,Tehran Central,Karaj,Aras Transport,Van,62.4,810.9,1378000.0,False,False,1000,False,False,False,On Time
SHP-01057,2026-03-23,2026-03-25,2026-03-26,2026-03-26,Tehran Central,Tehran,Aras Transport,Heavy Truck,21.6,9989.5,4097000.0,False,False,16000,False,False,False,On Time
SHP-00930,2026-04-15,2026-04-16,2026-04-18,2026-04-19,Qazvin DC,Rasht,Pars Freight,Pickup,173.6,971.9,2878000.0,False,False,1500,False,False,False,Late
SHP-00780,2026-06-03,2026-06-04,2026-06-07,2026-06-07,Qazvin DC,Tabriz,Pars Freight,Light Truck,508.6,1943.6,7834000.0,False,False,5000,False,False,False,On Time
SHP-00201,2026-03-08,2026-03-09,2026-03-10,2026-03-12,Tehran Central,Karaj,Rahbar Logistics,Heavy Truck,48.1,14903.4,6074000.0,False,False,16000,False,False,False,Late
SHP-00135,2026-05-24,2026-05-24,2026-05-27,2026-05-28,Tehran Central,Rasht,Shahin Cargo,Pickup,330.3,948.4,3570000.0,False,False,1500,False,False,False,Late
SHP-01052,2026-03-08,2026-03-09,2026-03-10,2026-03-12,Tehran Central,Tehran,Rahbar Logistics,Van,33.9,835.2,1191000.0,False,False,1000,False,False,False,Late
SHP-00041,2026-01-30,2026-01-31,2026-02-03,2026-02-03,Qazvin DC,Isfahan,Pars Freight,Heavy Truck,575.1,12211.5,15016000.0,False,False,16000,False,False,False,On Time
SHP-01018,2026-03-31,2026-03-31,2026-04-02,2026-04-02,Qazvin DC,Karaj,Shahin Cargo,Heavy Truck,131.3,7794.1,5373000.0,False,False,16000,False,False,False,On Time
SHP-00231,2026-03-25,2026-03-25,2026-03-28,2026-03-29,Karaj Hub,Isfahan,Shahin Cargo,Pickup,444.4,188.1,4467000.0,False,False,1500,False,False,False,Late
SHP-00379,2026-03-10,2026-03-11,2026-03-14,2026-03-14,Qazvin DC,Tabriz,Aras Transport,Van,476.5,897.8,4763000.0,False,False,1000,False,False,False,On Time
SHP-00289,2026-04-09,2026-04-10,2026-04-14,2026-04-14,Karaj Hub,Tabriz,Navid Express,Light Truck,600.4,2484.0,10320000.0,False,False,5000,False,False,False,On Time
SHP-00419,2026-02-23,2026-02-24,2026-02-28,2026-02-28,Tehran Central,Mashhad,Navid Express,Heavy Truck,856.9,8371.7,20538000.0,False,False,16000,False,False,False,On Time
SHP-00392,2026-02-02,2026-02-03,2026-02-05,2026-02-05,Karaj Hub,Arak,Rahbar Logistics,Pickup,294.7,1351.3,3857000.0,False,False,1500,False,False,False,On Time
SHP-00593,2026-02-13,2026-02-15,2026-02-18,2026-02-19,Karaj Hub,Arak,Pars Freight,Light Truck,321.3,2752.3,5032000.0,False,False,5000,False,False,False,Late
SHP-01163,2026-06-03,2026-06-03,2026-06-05,2026-06-05,Tehran Central,Qazvin,Pars Freight,Light Truck,164.9,3400.5,4462000.0,False,False,5000,False,False,False,On Time
SHP-01087,2026-05-26,2026-05-27,2026-05-31,2026-05-31,Karaj Hub,Urmia,Navid Express,Light Truck,727.0,13471.3,15599000.0,False,False,5000,True,False,True,On Time
SHP-00648,2026-04-07,2026-04-07,2026-04-11,2026-04-11,Karaj Hub,Urmia,Pars Freight,Light Truck,770.1,1143.2,11151000.0,False,False,5000,False,False,False,On Time
SHP-01153,2026-03-19,2026-03-20,2026-03-24,2026-03-25,Tehran Central,Urmia,Shahin Cargo,Van,738.5,671.0,6536000.0,False,False,1000,False,False,False,Late
SHP-01368,2026-03-24,2026-03-25,2026-03-28,2026-03-29,Tabriz DC,Karaj,Rahbar Logistics,Light Truck,599.0,2748.6,10245000.0,False,False,5000,False,False,False,Late
SHP-00521,2026-03-06,2026-03-06,2026-03-08,2026-03-09,Qazvin DC,Tehran,Pars Freight,Light Truck,146.2,3560.2,3956000.0,False,False,5000,False,False,False,Late
SHP-00065,2026-03-16,2026-03-16,2026-03-20,2026-03-20,Tabriz DC,Isfahan,Aras Transport,Light Truck,975.0,2982.6,12647000.0,False,False,5000,False,False,False,On Time
SHP-00015,2026-05-10,2026-05-10,2026-05-13,2026-05-14,Qazvin DC,Tabriz,Pars Freight,Light Truck,455.5,3912.9,8060000.0,False,False,5000,False,False,False,Late
SHP-01181,2026-04-21,2026-04-21,2026-04-22,2026-04-22,Tehran Central,Tehran,Shahin Cargo,Light Truck,29.2,4017.1,2507000.0,False,False,5000,False,False,False,On Time
SHP-01065,2026-05-17,2026-05-18,2026-05-22,2026-05-22,Tabriz DC,Tehran,Pars Freight,Light Truck,616.6,4060.5,10181000.0,False,False,5000,False,False,False,On Time
SHP-00493,2026-05-17,2026-05-19,2026-05-21,2026-05-21,Karaj Hub,Arak,Shahin Cargo,Van,291.9,124.1,2905000.0,False,False,1000,False,False,False,On Time
SHP-00380,2026-02-17,2026-02-18,2026-02-21,2026-02-23,Qazvin DC,Arak,Rahbar Logistics,Light Truck,341.3,3600.3,5834000.0,False,False,5000,False,False,False,Late
SHP-00188,2026-03-10,2026-03-11,2026-03-12,2026-03-12,Karaj Hub,Tehran,Aras Transport,Pickup,58.4,511.1,1308000.0,False,False,1500,False,False,False,On Time
SHP-00764,2026-06-19,2026-06-20,2026-06-23,2026-06-23,Tehran Central,Zanjan,Navid Express,Van,317.9,649.8,3936000.0,False,False,1000,False,False,False,On Time
SHP-00217,2026-01-15,2026-01-15,2026-01-16,2026-01-16,Tehran Central,Tehran,Aras Transport,Heavy Truck,18.0,4938.5,2788000.0,False,False,16000,False,False,False,On Time
SHP-00792,2026-03-24,2026-03-25,2026-03-28,2026-03-28,Tehran Central,Zanjan,Shahin Cargo,Van,312.0,322.2,3350000.0,False,False,1000,False,False,False,On Time
SHP-01077,2026-05-09,2026-05-10,2026-05-12,2026-05-12,Karaj Hub,Qazvin,Rahbar Logistics,Heavy Truck,138.5,3696.4,5523000.0,False,False,16000,False,False,False,On Time
SHP-00879,2026-04-10,2026-04-11,2026-04-15,2026-04-14,Tehran Central,Tabriz,Navid Express,Pickup,641.8,450.3,6251000.0,False,False,1500,False,False,False,On Time
SHP-00338,2026-02-27,2026-02-28,2026-03-03,2026-03-04,Karaj Hub,Tabriz,Pars Freight,Light Truck,567.2,4440.2,10258000.0,False,False,5000,False,False,False,Late
SHP-00720,2026-04-19,2026-04-20,2026-04-22,2026-04-22,Tehran Central,Arak,Aras Transport,Heavy Truck,273.3,12634.6,8676000.0,False,False,16000,False,False,False,On Time
SHP-00296,2026-04-05,2026-04-07,2026-04-09,2026-04-09,Karaj Hub,Qazvin,Aras Transport,Pickup,135.5,994.8,2439000.0,False,False,1500,False,False,False,On Time
SHP-01017,2026-03-11,2026-03-13,2026-03-17,2026-03-18,Tehran Central,Urmia,Shahin Cargo,Heavy Truck,785.1,3225.3,14482000.0,False,False,16000,False,False,False,Late
SHP-01276,2026-05-10,2026-05-11,2026-05-14,2026-05-16,Tehran Central,Rasht,Aras Transport,Van,336.8,183.9,3960000.0,False,False,1000,False,False,False,Late
SHP-00456,2026-04-11,2026-04-12,2026-04-14,2026-04-16,Karaj Hub,Arak,Shahin Cargo,Van,274.7,547.4,2672000.0,False,False,1000,False,False,False,Late
SHP-00816,2026-06-01,2026-06-02,2026-06-06,2026-06-06,Tehran Central,Rasht,Rahbar Logistics,Light Truck,323.9,3839.0,6517000.0,False,False,5000,False,False,False,On Time
SHP-00270,2026-04-17,2026-04-18,2026-04-23,2026-04-24,Tabriz DC,Tehran,Aras Transport,Heavy Truck,616.6,9595.8,14270000.0,False,False,16000,False,False,False,Late
SHP-00996,2026-04-24,2026-04-25,2026-04-27,2026-04-27,Qazvin DC,Zanjan,Rahbar Logistics,Light Truck,169.8,3057.8,3980000.0,False,False,5000,False,False,False,On Time
SHP-00202,2026-06-14,2026-06-14,2026-06-18,2026-06-18,Qazvin DC,Tabriz,Aras Transport,Pickup,449.4,641.2,5677000.0,False,False,1500,False,False,False,On Time
SHP-00162,2026-05-01,2026-05-01,2026-05-03,2026-05-03,Tehran Central,Karaj,Aras Transport,Heavy Truck,64.9,2902.9,3313000.0,False,False,16000,False,False,False,On Time
SHP-00730,2026-04-30,2026-04-30,2026-05-04,2026-05-04,Tabriz DC,Mashhad,Pars Freight,Heavy Truck,1573.9,11029.8,31361000.0,False,False,16000,False,False,False,On Time
SHP-00402,2026-05-21,2026-05-22,2026-05-24,2026-05-24,Karaj Hub,Qazvin,Shahin Cargo,Light Truck,132.9,3814.5,3622000.0,False,False,5000,False,False,False,On Time
SHP-00703,2026-01-31,2026-02-01,2026-02-05,2026-02-04,Karaj Hub,Mashhad,Unknown,Light Truck,939.7,4176.7,13480000.0,False,False,5000,False,False,False,On Time
SHP-01130,2026-04-28,2026-04-29,2026-05-03,2026-05-04,Tabriz DC,Mashhad,Aras Transport,Van,1464.8,769.2,11534000.0,False,False,1000,False,False,False,Late
SHP-00566,2026-02-12,2026-02-12,2026-02-16,2026-02-17,Tehran Central,Urmia,Pars Freight,Light Truck,743.4,4347.7,9591000.0,False,False,5000,False,False,False,Late
SHP-01414,2026-05-24,2026-05-24,2026-05-28,2026-05-27,Tabriz DC,Karaj,Aras Transport,Van,626.2,872.5,5878000.0,False,False,1000,False,False,False,On Time
SHP-01022,2026-01-14,2026-01-15,2026-01-17,2026-01-17,Tehran Central,Qazvin,Aras Transport,Light Truck,150.7,4199.7,4763000.0,False,False,5000,False,False,False,On Time
SHP-01026,2026-01-11,2026-01-12,2026-01-16,2026-01-16,Tehran Central,Mashhad,Aras Transport,Van,841.8,,6465000.0,False,True,1000,False,False,True,On Time
SHP-01412,2026-04-12,2026-04-13,2026-04-16,2026-04-16,Tehran Central,Hamedan,Aras Transport,Heavy Truck,300.9,13925.9,9717000.0,False,False,16000,False,False,False,On Time
SHP-01105,2026-02-25,2026-02-26,2026-03-02,,Tabriz DC,Qom,Pars Freight,Van,655.7,747.8,6578000.0,False,False,1000,False,False,False,Missing Delivery Record
SHP-00206,2026-02-18,2026-02-19,2026-02-21,2026-02-21,Tehran Central,Rasht,Navid Express,Pickup,294.6,1133.4,4017000.0,False,False,1500,False,False,False,On Time
SHP-00035,2026-06-10,2026-06-11,2026-06-14,2026-06-15,Tabriz DC,Hamedan,Pars Freight,Van,596.1,600.1,5774000.0,False,False,1000,False,False,False,Late
SHP-00776,2026-06-22,2026-06-23,2026-06-25,2026-06-28,Tehran Central,Arak,Shahin Cargo,Heavy Truck,280.6,11789.7,8593000.0,False,False,16000,False,False,False,Late
SHP-00509,2026-02-18,2026-02-20,2026-02-23,2026-02-25,Tehran Central,Isfahan,Rahbar Logistics,Heavy Truck,443.5,14788.0,13147000.0,False,False,16000,False,False,False,Late
SHP-01391,2026-02-25,2026-02-27,2026-02-28,2026-02-28,Karaj Hub,Karaj,Aras Transport,Light Truck,17.8,1937.9,1795000.0,False,False,5000,False,False,False,On Time
SHP-00092,2026-05-26,2026-05-26,2026-05-28,2026-05-28,Karaj Hub,Qom,Aras Transport,Light Truck,186.0,4234.4,5159000.0,False,False,5000,False,False,False,On Time
SHP-01364,2026-02-06,2026-02-07,2026-02-08,2026-02-09,Tehran Central,Tehran,Rahbar Logistics,Light Truck,22.1,2169.5,1794000.0,False,False,5000,False,False,False,Late
SHP-00898,2026-01-10,2026-01-11,2026-01-14,2026-01-14,Tabriz DC,Hamedan,Aras Transport,Pickup,598.6,1140.9,6546000.0,False,False,1500,False,False,False,On Time
SHP-00565,2026-06-10,2026-06-11,2026-06-15,2026-06-15,Karaj Hub,Urmia,Navid Express,Light Truck,758.8,1486.9,9688000.0,False,False,5000,False,False,False,On Time
SHP-00777,2026-03-18,2026-03-19,2026-03-22,2026-03-22,Tehran Central,Isfahan,Navid Express,Van,440.7,723.5,5164000.0,False,False,1000,False,False,False,On Time
SHP-00242,2026-04-16,2026-04-17,2026-04-21,2026-04-21,Karaj Hub,Mashhad,Rahbar Logistics,Heavy Truck,983.4,7806.2,22470000.0,False,False,16000,False,False,False,On Time
SHP-00014,2026-05-18,2026-05-19,2026-05-22,2026-05-22,Tabriz DC,Rasht,Shahin Cargo,Pickup,504.8,634.3,4877000.0,False,False,1500,False,False,False,On Time
SHP-00316,2026-04-30,2026-05-01,2026-05-04,2026-05-04,Tabriz DC,Rasht,Navid Express,Pickup,513.6,872.9,5237000.0,False,False,1500,False,False,False,On Time
SHP-00601,2026-04-22,2026-04-23,2026-04-26,2026-04-27,Qazvin DC,Isfahan,Shahin Cargo,Pickup,563.1,459.2,5805000.0,False,False,1500,False,False,False,Late
SHP-00388,2026-05-31,2026-06-01,2026-06-03,2026-06-03,Qazvin DC,Karaj,Shahin Cargo,Light Truck,132.5,1720.5,12945000.0,False,False,5000,False,False,False,On Time
SHP-01298,2026-05-03,2026-05-05,2026-05-09,2026-05-10,Tehran Central,Tabriz,Shahin Cargo,Heavy Truck,647.7,14010.4,16968000.0,False,False,16000,False,False,False,Late
SHP-00167,2026-02-28,2026-03-01,2026-03-02,2026-03-03,Tehran Central,Tehran,Rahbar Logistics,Heavy Truck,22.6,14677.7,6116000.0,False,False,16000,False,False,False,Late
SHP-00841,2026-02-22,2026-02-23,2026-02-24,2026-02-24,Tehran Central,Karaj,Aras Transport,Light Truck,55.7,881.2,1509000.0,False,False,5000,False,False,False,On Time
SHP-00021,2026-04-01,2026-04-02,2026-04-06,2026-04-06,Tehran Central,Mashhad,Navid Express,Pickup,945.7,654.4,9681000.0,False,False,1500,False,False,False,On Time
SHP-00647,2026-03-25,2026-03-26,2026-03-30,2026-03-31,Tehran Central,Mashhad,Rahbar Logistics,Light Truck,921.0,828.5,12133000.0,False,False,5000,False,False,False,Late
SHP-01155,2026-02-25,2026-02-25,2026-02-26,2026-02-26,Karaj Hub,Karaj,Aras Transport,Heavy Truck,18.9,5033.7,2664000.0,False,False,16000,False,False,False,On Time
SHP-00832,2026-02-13,2026-02-15,2026-02-18,2026-02-21,Tehran Central,Isfahan,Shahin Cargo,Pickup,439.9,657.5,4643000.0,False,False,1500,False,False,False,Late
SHP-01268,2026-03-09,2026-03-10,2026-03-13,2026-03-13,Qazvin DC,Zanjan,Aras Transport,Light Truck,179.2,2244.2,3778000.0,False,False,5000,False,False,False,On Time
SHP-00563,2026-03-31,2026-04-01,2026-04-04,2026-04-05,Tehran Central,Isfahan,Aras Transport,Pickup,483.9,577.8,5115000.0,False,False,1500,False,False,False,Late
SHP-01461,2026-05-24,2026-05-25,2026-05-27,2026-05-28,Tabriz DC,Urmia,Navid Express,Light Truck,144.4,3312.8,4424000.0,False,False,5000,False,False,False,Late
SHP-00687,2026-03-15,2026-03-16,2026-03-18,2026-03-19,Karaj Hub,Arak,Shahin Cargo,Light Truck,296.5,4169.3,6353000.0,False,False,5000,False,False,False,Late
SHP-00958,2026-04-25,2026-04-26,2026-04-28,2026-04-28,Tehran Central,Qom,Rahbar Logistics,Heavy Truck,144.8,13356.3,7128000.0,False,False,16000,False,False,False,On Time
SHP-00190,2026-02-24,2026-02-24,2026-02-27,2026-02-27,Tehran Central,Hamedan,Shahin Cargo,Pickup,313.5,850.8,4007000.0,False,False,1500,False,False,False,On Time
SHP-00976,2026-02-10,2026-02-11,2026-02-15,2026-02-16,Tabriz DC,Isfahan,Rahbar Logistics,Light Truck,889.0,2295.0,13228000.0,False,False,5000,False,False,False,Late
SHP-00700,2026-01-18,2026-01-20,2026-01-24,2026-01-24,Tehran Central,Tabriz,Pars Freight,Heavy Truck,623.9,11232.0,15635000.0,False,False,16000,False,False,False,On Time
SHP-00511,2026-06-30,2026-06-30,2026-07-04,2026-07-04,Tehran Central,Mashhad,Navid Express,Pickup,894.6,907.2,10509000.0,False,False,1500,False,False,False,On Time
SHP-01083,2026-06-23,2026-06-24,2026-06-26,2026-06-27,Karaj Hub,Qazvin,Rahbar Logistics,Pickup,128.7,244.0,1580000.0,False,False,1500,False,False,False,Late
SHP-00475,2026-04-25,2026-04-26,2026-04-27,2026-04-27,Karaj Hub,Tehran,Rahbar Logistics,Heavy Truck,44.0,4195.5,3294000.0,False,False,16000,False,False,False,On Time
SHP-00857,2026-02-14,2026-02-14,2026-02-16,2026-02-16,Tehran Central,Qom,Navid Express,Pickup,151.6,533.8,2037000.0,False,False,1500,False,False,False,On Time
SHP-00748,2026-02-26,2026-02-27,2026-02-28,2026-03-03,Karaj Hub,Karaj,Shahin Cargo,Light Truck,31.3,2438.9,2033000.0,False,False,5000,False,False,False,Late
SHP-00253,2026-02-04,2026-02-05,2026-02-06,2026-02-06,Tehran Central,Karaj,Pars Freight,Light Truck,56.0,1756.8,2021000.0,False,False,5000,False,False,False,On Time
SHP-00022,2026-03-09,2026-03-09,2026-03-10,2026-03-12,Tehran Central,Karaj,Shahin Cargo,Heavy Truck,50.2,10604.4,4527000.0,False,False,16000,False,False,False,Late
SHP-01338,2026-02-23,2026-02-24,2026-02-26,2026-02-26,Tehran Central,Qazvin,Shahin Cargo,Heavy Truck,152.5,3610.1,4757000.0,False,False,16000,False,False,False,On Time
SHP-00460,2026-01-20,2026-01-21,2026-01-23,2026-01-23,Qazvin DC,Hamedan,Navid Express,Light Truck,245.1,4212.2,5762000.0,False,False,5000,False,False,False,On Time
SHP-01185,2026-03-18,2026-03-19,2026-03-22,2026-03-24,Qazvin DC,Isfahan,Shahin Cargo,Light Truck,507.7,3404.0,8586000.0,False,False,5000,False,False,False,Late
SHP-00277,2026-03-26,2026-03-27,2026-03-31,2026-03-31,Karaj Hub,Mashhad,Rahbar Logistics,Pickup,993.3,1224.9,8955000.0,False,False,1500,False,False,False,On Time
SHP-00956,2026-04-21,2026-04-21,2026-04-25,2026-04-25,Tabriz DC,Karaj,Pars Freight,Heavy Truck,629.0,11641.7,15622000.0,False,False,16000,False,False,False,On Time
SHP-01216,2026-01-21,2026-01-22,2026-01-24,2026-01-24,Qazvin DC,Hamedan,Aras Transport,Light Truck,291.1,2524.55,4515000.0,False,False,5000,False,False,False,On Time
SHP-00386,2026-01-23,2026-01-24,2026-01-27,2026-01-28,Tabriz DC,Qazvin,Shahin Cargo,Pickup,506.0,1286.7,4935000.0,False,False,1500,False,False,False,Late
SHP-00806,2026-05-22,2026-05-23,2026-05-24,2026-05-24,Qazvin DC,Qazvin,Navid Express,Light Truck,,3193.7,1486000.0,False,True,5000,False,False,True,On Time
SHP-01438,2026-04-29,2026-05-01,2026-05-03,,Karaj Hub,Hamedan,Aras Transport,Pickup,300.0,381.4,3255000.0,False,False,1500,False,False,False,Missing Delivery Record
SHP-00344,2026-04-04,2026-04-04,2026-04-08,2026-04-08,Tabriz DC,Isfahan,Aras Transport,Light Truck,894.0,1670.2,13608000.0,False,False,5000,False,False,False,On Time
SHP-00770,2026-03-10,2026-03-11,2026-03-14,2026-03-14,Tabriz DC,Zanjan,Navid Express,Light Truck,307.9,784.0,4526000.0,False,False,5000,False,False,False,On Time
SHP-01333,2026-03-18,2026-03-19,2026-03-22,2026-03-22,Qazvin DC,Isfahan,Navid Express,Heavy Truck,537.9,13413.0,13444000.0,False,False,16000,False,False,False,On Time
SHP-00131,2026-04-13,2026-04-14,2026-04-17,2026-04-19,Qazvin DC,Arak,Aras Transport,Van,320.8,667.8,4070000.0,False,False,1000,False,False,False,Late
SHP-00872,2026-02-06,2026-02-07,2026-02-09,2026-02-09,Qazvin DC,Hamedan,Aras Transport,Pickup,242.1,159.9,3266000.0,False,False,1500,False,False,False,On Time
SHP-01124,2026-02-14,2026-02-15,2026-02-18,2026-02-18,Tehran Central,Rasht,Pars Freight,Pickup,310.8,267.6,29080000.0,False,False,1500,False,False,False,On Time
SHP-01397,2026-04-23,2026-04-24,2026-04-27,2026-04-27,Tabriz DC,Rasht,Aras Transport,Light Truck,466.3,1754.5,6573000.0,False,False,5000,False,False,False,On Time
SHP-00088,2026-02-26,2026-02-27,2026-03-02,2026-03-02,Tehran Central,Zanjan,Shahin Cargo,Light Truck,312.8,4334.0,5888000.0,False,False,5000,False,False,False,On Time
SHP-00331,2026-04-09,2026-04-09,2026-04-12,2026-04-12,Qazvin DC,Tabriz,Shahin Cargo,Pickup,457.0,1116.7,5117000.0,False,False,1500,False,False,False,On Time
SHP-01239,2026-02-23,2026-02-24,2026-02-28,2026-02-28,Tehran Central,Mashhad,Navid Express,Light Truck,935.5,3287.9,12886000.0,False,False,5000,False,False,False,On Time
SHP-00467,2026-01-31,2026-02-02,2026-02-05,2026-02-05,Karaj Hub,Zanjan,Pars Freight,Pickup,288.9,364.7,3092000.0,False,False,1500,False,False,False,On Time
SHP-00122,2026-05-01,2026-05-01,2026-05-05,2026-05-06,Tabriz DC,Karaj,Pars Freight,Pickup,601.5,817.9,6722000.0,False,False,1500,False,False,False,Late
SHP-01045,2026-05-09,2026-05-10,2026-05-14,2026-05-13,Karaj Hub,Tabriz,Rahbar Logistics,Heavy Truck,557.6,2632.3,12091000.0,False,False,16000,False,False,False,On Time
SHP-01096,2026-01-15,2026-01-15,2026-01-18,2026-01-19,Karaj Hub,Isfahan,Rahbar Logistics,Pickup,451.7,866.3,5318000.0,False,False,1500,False,False,False,Late
SHP-01131,2026-03-15,2026-03-15,2026-03-18,2026-03-18,Qazvin DC,Tabriz,Rahbar Logistics,Heavy Truck,483.3,3816.1,11549000.0,False,False,16000,False,False,False,On Time
SHP-01295,2026-06-22,2026-06-23,2026-06-26,2026-06-26,Karaj Hub,Tabriz,Aras Transport,Light Truck,566.7,1786.2,8362000.0,False,False,5000,False,False,False,On Time
SHP-00861,2026-06-25,2026-06-26,2026-06-30,2026-06-30,Tabriz DC,Qazvin,Aras Transport,Heavy Truck,482.7,12371.9,12553000.0,False,False,16000,False,False,False,On Time
SHP-01460,2026-04-04,2026-04-06,2026-04-09,2026-04-09,Karaj Hub,Hamedan,Navid Express,Pickup,338.6,303.8,3800000.0,False,False,1500,False,False,False,On Time
SHP-01127,2026-06-04,2026-06-05,2026-06-07,2026-06-07,Tehran Central,Tehran,Rahbar Logistics,Pickup,151.0,953.0,2183000.0,False,False,1500,False,False,False,On Time
